-- MySQL dump 10.13  Distrib 9.6.0, for Win64 (x86_64)
--
-- Host: mysql-3d28b368-chongkingston391-4d0a.k.aivencloud.com    Database: defaultdb
-- ------------------------------------------------------
-- Server version	8.0.45

/*!40101 SET @OLD_CHARACTER_SET_CLIENT=@@CHARACTER_SET_CLIENT */;
/*!40101 SET @OLD_CHARACTER_SET_RESULTS=@@CHARACTER_SET_RESULTS */;
/*!40101 SET @OLD_COLLATION_CONNECTION=@@COLLATION_CONNECTION */;
/*!50503 SET NAMES utf8mb4 */;
/*!40103 SET @OLD_TIME_ZONE=@@TIME_ZONE */;
/*!40103 SET TIME_ZONE='+00:00' */;
/*!40014 SET @OLD_UNIQUE_CHECKS=@@UNIQUE_CHECKS, UNIQUE_CHECKS=0 */;
/*!40014 SET @OLD_FOREIGN_KEY_CHECKS=@@FOREIGN_KEY_CHECKS, FOREIGN_KEY_CHECKS=0 */;
/*!40101 SET @OLD_SQL_MODE=@@SQL_MODE, SQL_MODE='NO_AUTO_VALUE_ON_ZERO' */;
/*!40111 SET @OLD_SQL_NOTES=@@SQL_NOTES, SQL_NOTES=0 */;

--
-- Table structure for table `ChatMessage`
--

DROP TABLE IF EXISTS `ChatMessage`;
/*!40101 SET @saved_cs_client     = @@character_set_client */;
/*!50503 SET character_set_client = utf8mb4 */;
CREATE TABLE `ChatMessage` (
  `id` int NOT NULL AUTO_INCREMENT,
  `threadId` int NOT NULL,
  `turn` int NOT NULL,
  `role` varchar(16) COLLATE utf8mb4_unicode_ci NOT NULL,
  `content` longtext COLLATE utf8mb4_unicode_ci NOT NULL,
  `modelLabel` varchar(32) COLLATE utf8mb4_unicode_ci DEFAULT NULL,
  `createdAt` datetime(3) NOT NULL DEFAULT CURRENT_TIMESTAMP(3),
  PRIMARY KEY (`id`),
  UNIQUE KEY `ChatMessage_threadId_turn_key` (`threadId`,`turn`),
  KEY `ChatMessage_threadId_idx` (`threadId`),
  CONSTRAINT `ChatMessage_threadId_fkey` FOREIGN KEY (`threadId`) REFERENCES `ChatThread` (`id`) ON DELETE CASCADE ON UPDATE CASCADE
) ENGINE=InnoDB AUTO_INCREMENT=74 DEFAULT CHARSET=utf8mb4 COLLATE=utf8mb4_unicode_ci;
/*!40101 SET character_set_client = @saved_cs_client */;

--
-- Dumping data for table `ChatMessage`
--

LOCK TABLES `ChatMessage` WRITE;
/*!40000 ALTER TABLE `ChatMessage` DISABLE KEYS */;
INSERT INTO `ChatMessage` VALUES (1,1,0,'user','can you explain further on MaGIC',NULL,'2026-03-31 04:45:35.000'),(2,1,1,'assistant','The summary provided does not give detailed information about the Malaysia Global Innovation and Creativity Centre (MaGIC). It only mentions MaGIC\'s vision, which is partially detailed as \"To make Malay...\" This suggests an emphasis on supporting innovation and entrepreneurship in Malaysia, but further specifics are not given in the document. \n\nFor a general understanding, MaGIC is known to be a Malaysian government initiative aiming to support entrepreneurs and startups in the region by providing resources, training, and networking opportunities. Note that this is general knowledge and not directly drawn from the document you provided.','ChatGPT','2026-03-31 04:45:35.000'),(3,1,2,'user','So what did the notes mention about fundings',NULL,'2026-03-31 10:01:52.000'),(4,1,3,'assistant','Based on the provided summary, the notes contain extensive information on funding and financing for new ventures. Here is a detailed breakdown of what was mentioned:\n\n### **1. The Fundamental Challenge**\n*   The core question for every entrepreneur is **\"Where to find start-up capital?\"**\n*   Capital is defined as wealth in the form of money or other assets available for starting a company or investing.\n\n### **2. Comprehensive Funding Sources**\nThe notes detail a wide range of sources, often used in combination:\n\n*   **Owner\'s Money:** Personal savings, credit card advances, home equity loans, and funds from family and friends.\n*   **The \"4Fs\":** Friends, Family, Founders, and \'Foolhardy\' informal investors.\n*   **Angel Investors:** Wealthy individuals investing personal money for equity, motivated by factors like job creation and personal satisfaction.\n*   **Seed Capital:** Very early-stage, high-risk investment from owners, friends, and family to support preliminary activities like market research.\n*   **Venture Capital:** Professional investors who provide capital plus services like management consulting and network access.\n*   **Public Offerings (IPOs):** Raising large amounts of capital quickly by selling stock to the public, but with high costs and disclosure requirements.\n*   **Private Placements:** Selling securities directly to private parties like friends, employees, or customers.\n*   **Government Programs (Malaysia-specific):** Lists agencies like MARA, commercial banks (via BNM), BPIMB, MIDF, and BPM that provide various loans and financial facilities.\n*   **Crowdfunding:** An emerging method using the internet (e.g., Kickstarter, Indiegogo). The notes highlight Malaysia\'s early adoption in ASEAN and list approved platforms like **pitchIN**, Ata Plus, and Eureeca.\n\n### **3. Debt Financing vs. Equity Financing**\nA key distinction is made between these two primary methods:\n\n| Aspect | **Debt Financing** | **Equity Financing** |\n| :--- | :--- | :--- |\n| **Definition** | Payback of borrowed funds plus interest/fee. | Sale of ownership (equity) in the business. |\n| **Obligation** | Legal obligation to repay. | No legal obligation to repay principal or interest. |\n| **Ownership** | **Does not** require relinquishing ownership. | **Does require** sharing ownership and profits. |\n| **Common Sources**| Commercial banks, trade credit, factoring. | Public offerings, private placements, venture capital. |\n| **Advantage** | Owner retains full control. | Safer; no repayment obligation if business fails. |\n| **Disadvantage**| Regular payments can strain cash flow. | Requires giving up a share of the company. |\n\n### **4. Bank & Financial Institution Financing**\nCategorized by term length and purpose:\n*   **Long-term (5-25 years):** For fixed assets (land, buildings, machinery).\n*   **Medium-term (1-8 years):** For hire purchase, lease, and loan agreements.\n*   **Short-term (≤1 year):** For working capital.\n\n### **5. Key Factors and Expectations**\nThe notes emphasize that understanding funding requires knowledge of:\n*   Various capital sources.\n*   Investor expectations (e.g., GEM findings show return expectations vary by relationship, gender, age).\n*   Specific funding requirements.\n*   What is expected from entrepreneurs when they apply for funds.\n\nIn summary, the notes provide a structured overview from defining the need for capital, listing specific sources (personal to institutional), differentiating fundamental financing types, and highlighting modern methods like crowdfunding, with specific examples from the Malaysian context.','DeepSeek','2026-03-31 10:01:52.000'),(5,3,0,'user','can you summarize this as well (forlecturers)',NULL,'2026-04-08 00:12:28.000'),(6,3,1,'assistant','Based on the attached PowerPoint file \"Lecture 6 - Software Maintenance Taxonomy.pptx\", here is a summary suitable for lecturers.\n\n---\n\n### **Lecture Summary: Software Maintenance Taxonomy**\n\nThis lecture provides a structured framework for classifying and understanding software maintenance activities, moving beyond a simple \"fixing bugs\" definition.\n\n#### **Core Objective**\nTo equip students with a multi-perspective model for categorizing maintenance work, enabling them to identify the *why*, *what*, and *evidence* behind any maintenance task. This structured approach aids in planning, managing, and executing maintenance effectively.\n\n#### **Key Classification Frameworks**\n\nThe lecture presents three complementary perspectives for classifying maintenance activities:\n\n**1. Intention-Based Classification (The \"Why\")**\nThis perspective clarifies the fundamental objective behind the maintenance work.\n*   **Corrective:** To fix failures and errors in the software.\n*   **Adaptive:** To modify the software so it can operate in a changed environment (e.g., new OS, database).\n*   **Perfective:** To improve the software\'s attributes (user experience, efficiency, maintainability).\n*   **Preventive:** To proactively modify the software to prevent future problems.\n\n**2. Activity-Based Classification (The \"What\")**\nThis perspective organizes maintenance by the specific tasks performed, facilitating workflow management.\n*   Common activities include: **Bug Fixing, Enhancement, Migration, Configuration Management, and Performance Tuning.**\n\n**3. Evidence-Based Classification (The \"Trigger\")**\nThis data-driven perspective classifies activities based on the observable evidence that necessitates the change. It uses a detailed taxonomy of 12 activity types grouped into 4 clusters:\n*   **Support Interface Cluster:** Training, consultive, and evaluative activities.\n*   **Documentation Cluster:** Reformative and updative activities.\n*   **Software Properties Cluster:** Groomative, preventive, performance, and adaptive activities.\n*   **Business Rules Cluster:** Reductive, corrective, and enhancive activities.\n*   A **decision tree** is provided to help practitioners systematically identify the correct activity type based on the evidence of what was changed in the software.\n\n#### **Integrating the Frameworks: A Practical Process**\nThe lecture illustrates how these perspectives work together in a maintenance workflow:\n1.  **Evidence** (e.g., user complaint, error log) triggers a Change Request.\n2.  Determine the **Intention** (Corrective, Adaptive, etc.).\n3.  Choose the specific **Activities** (Bug Fixing, Performance Tuning, etc.) to fulfill that intention.\n4.  **Execute** the maintenance.\n\n#### **The Standard Maintenance Process (ISO/IEC/IEEE 14764)**\nThe lecture outlines the formal stages of the maintenance lifecycle:\n*   **Prepare for Maintenance:** Planning and resource setup.\n*   **Perform Maintenance:** Implementing changes (corrective, adaptive, etc.) and testing.\n*   **Perform Logistic Support:** Deployment, training, and coordination.\n*   **Manage Results:** Documentation, evaluation, and process improvement.\n\n#### **Teaching Points & Discussion Topics**\n*   **Emphasize the \"Why\":** Stress that understanding the *intention* (e.g., adaptive vs. perfective) is crucial for prioritizing work and managing stakeholder expectations.\n*   **Apply the Decision Tree:** Use the evidence-based classification and its decision tree for case study exercises. Have students analyze a scenario (e.g., \"porting an app to a new OS\" or \"optimizing a slow database query\") and walk through the classification steps.\n*   **Connect Theory to Process:** Link the classification types to the stages of the ISO standard process. Ask: \"What type of evidence would lead to a \'Prepare for Maintenance\' phase focused on *Preventive* intention?\"\n*   **Highlight Ambiguity:** Note that real-world maintenance can be ambiguous. The lecture states that the **default classification is \"evaluative\"** when evidence is unclear, which is a valuable practical insight.\n\nThis taxonomy provides students with a robust vocabulary and logical framework to analyze, discuss, and manage the complex, ongoing work of software maintenance.','DeepSeek','2026-04-08 00:12:28.000'),(7,1,4,'user','can you explain further on the MaGIC',NULL,'2026-04-08 00:31:49.000'),(9,1,5,'assistant','The summary you provided only offers a brief, incomplete mention of the Malaysia Global Innovation and Creativity Centre (MaGIC). With limited information, the document hints at a focus on supporting innovation and entrepreneurship within Malaysia. \n\n**Beyond the summary (general knowledge):** \nMaGIC is a government-supported initiative designed to enhance and promote the Malaysian startup ecosystem. It offers various programs and resources to support entrepreneurs, including:\n\n* **Training and Development:** Providing workshops, bootcamps, and educational resources to develop entrepreneurial skills.\n* **Networking Opportunities:** Facilitating connections between entrepreneurs, investors, and industry experts.\n* **Funding and Resources:** Offering assistance in accessing funding opportunities and business advice.\n* **Innovation and Creativity Hubs:** Creating physical and digital spaces for collaboration and creativity among startups and entrepreneurs.\n\nMaGIC aims to position Malaysia as a dynamic entrepreneurial nation by fostering a supportive environment for startups to thrive.','ChatGPT','2026-04-08 00:46:54.000'),(10,3,2,'user','is there any examples of crowdfunding in Malaysia?',NULL,'2026-04-12 13:25:38.000'),(11,3,3,'assistant','Yes, the summary provides examples of crowdfunding in Malaysia, highlighting that the country has been a pioneer in creating legislation to support equity-based crowdfunding in the ASEAN region. \n\n### Key Players in Malaysian Crowdfunding\n- **pitchIN:** A popular crowdfunding platform operating within Malaysia, regulated by the Securities Commission, it facilitates equity crowdfunding for start-ups and businesses.\n- **Ata Plus:** Another notable platform that provides a regulated environment for entrepreneurs to raise capital through the crowd.\n\nThese platforms represent Malaysia’s proactive stance in encouraging innovative funding methods and fostering a supportive ecosystem for new ventures[1].\n\n### Legal Environment\n- Malaysia’s legislative framework for crowdfunding ensures a regulated space, making it feasible and secure for entrepreneurs to use this method to access capital[1].\n\nThis information is derived from the document summary provided.\n\n[1] Document Summary\n\n## References\n- No verifiable source references were produced for this response.','ChatGPT','2026-04-12 13:25:38.000'),(12,3,4,'user','is there any examples of crowdfunding in Malaysia?',NULL,'2026-04-12 13:34:23.000'),(13,3,5,'assistant','Yes, according to the summary, Malaysia has notable examples of crowdfunding platforms that are operational in its ecosystem:\n\n### Key Players in Malaysian Crowdfunding\n- **pitchIN:** This platform is one of the key operators in Malaysia, offering a regulated environment for equity crowdfunding.\n- **Ata Plus:** Another significant player, providing a platform for entrepreneurs to raise funds through equity crowdfunding.\n\nThese platforms are part of Malaysia’s innovative approach to start-up funding, supported by pioneering legislation that regulates equity-based crowdfunding activities[1].\n\n## References\n1. Document Summary','ChatGPT','2026-04-12 13:34:23.000'),(14,3,6,'user','is there any examples of crowdfunding in Malaysia?',NULL,'2026-04-12 13:49:04.000'),(15,3,7,'assistant','Yes, there are several examples of crowdfunding platforms operating in Malaysia:\n\n1. **pitchIN**: This is a prominent equity crowdfunding platform that is regulated by the Securities Commission Malaysia. It allows start-ups to raise capital from a large number of investors.\n   \n2. **Ata Plus**: Another significant equity crowdfunding platform, Ata Plus is also regulated by the Securities Commission Malaysia and supports a variety of projects and start-ups in raising funds.\n\nThese platforms illustrate Malaysia\'s developed framework for crowdfunding, supported by legislation aimed at enhancing capital markets through innovative funding mechanisms[1][2].\n\n## References\n1. [Overview of Crowdfunding in Malaysia](https://lenderkit.com/blog/overview-of-crowdfunding-in-malaysia/)\n2. [List of the best crowdfunding platforms in Malaysia | CrowdSpace](https://thecrowdspace.com/directory/crowdfunding-platforms-in-malaysia/)','ChatGPT','2026-04-12 13:49:04.000'),(16,3,8,'user','can you find other samples other than the ones in summary?',NULL,'2026-04-12 13:50:10.000'),(17,3,9,'assistant','To provide additional examples of crowdfunding platforms in Malaysia beyond pitchIN and Ata Plus, I need to consult external sources. My previous responses were limited to the provided summary, which explicitly named only those two.\n\nLet\'s look for more.\n\nThere are indeed other crowdfunding platforms active in Malaysia. While pitchIN and Ata Plus are prominent equity crowdfunding platforms, other models of crowdfunding also exist.\n\n### Additional Examples of Crowdfunding Platforms in Malaysia:\n\nBeyond pitchIN and Ata Plus, other platforms cater to different crowdfunding models:\n\n*   **FundMyHome**: This platform focuses on property crowdfunding, allowing multiple investors to collectively purchase a property. This differs from equity crowdfunding as investors own a share of the property itself, rather than equity in a business [1].\n*   **MicroLEAP**: This is a peer-to-peer (P2P) financing platform that focuses on Islamic financing. It allows individuals and businesses to raise funds from lenders who adhere to Shariah principles. While it facilitates funding, it operates on a lending model rather than equity investment [2].\n*   **Ethis Ventures**: This platform focuses on ethical and Islamic crowdfunding, supporting shariah-compliant projects and businesses, primarily in real estate and social impact sectors [3].\n\nThese examples showcase the diversity of crowdfunding models, including property crowdfunding and P2P lending, expanding beyond traditional equity crowdfunding platforms like pitchIN and Ata Plus, while still being active in the Malaysian market.\n\n## References\n1.  [FundMyHome - Property Crowdfunding](https://www.fundmyhome.com/)\n2.  [MicroLEAP - Islamic P2P Financing](https://www.microleap.com.my/)\n3.  [Ethis Ventures - Islamic Crowdfunding for Impact](https://ethis.co/)','Gemini','2026-04-12 13:50:10.000'),(18,1,6,'user','can you summarize this file as well?',NULL,'2026-04-14 10:15:04.000'),(19,1,7,'assistant','Certainly! Below is a summary of the contents of the document titled \"UNDG-UNDAF-Companion-Pieces-5-Funding-To-Financing.pdf\":\n\n### **Summary: UNDAF Companion Guidance - From Funding to Financing**\n\n#### **Introduction**\n- The document outlines the process and importance of transitioning from funding individual projects to financing broader, transformative changes in line with the Sustainable Development Goals (SDGs).\n- Official Development Assistance (ODA) is highlighted as insufficient for achieving the SDGs, necessitating a mobilization of diverse financial sources.\n\n#### **Concept Overview**\n- The shift from funding to financing entails structuring different financial flows to achieve collective outcomes, rather than merely transferring funds from donors to recipients.\n- This approach is designed to catalyze the financing necessary for sustainable development goals.\n\n#### **Four-Step Approach to Financing**\n1. **Mapping the Financial Landscape:**\n   - Understand the financial resources available in a country, both from domestic and international sources.\n   - Goals include smarter investment, leveraging larger financial flows, and fostering stronger partnerships.\n\n2. **Assessing the UNDAF Funding Gap:**\n   - Determine the financial resources needed to implement the UN Development Assistance Framework.\n   - Develop a common budgetary framework to address funding gaps identified.\n\n3. **Developing a Financing Strategy:**\n   - Create strategies to mobilize resources to bridge the identified funding gaps.\n   - The strategy should aim to integrate various sources of finance effectively.\n\n4. **Mobilizing Common Resources:**\n   - Promote collective action among stakeholders to achieve larger financial impact.\n   - Highlight the importance of partnerships among UN agencies and with external contributors.\n\n#### **Key Insights and Approaches**\n- Encourages the use of existing data and resources to perform Development Finance Assessments and inform financial strategies.\n- Suggests focused analyses on prioritized sectors to align financing strategies with national or regional development goals.\n- Stresses the importance of collaboration among UN agencies and external partners to optimize resource use and achieve sustainable outcomes.\n\n#### **Overall Objective**\n- To enhance the UN\'s capacity to act as a catalyst for leveraging larger, more diversified financing flows, supporting transformative change, and achieving sustainable development results.\n\nThis summary captures the essential ideas and recommendations from the document on transforming the approach to funding within the UN system. If you need more detail on specific sections or concepts, feel free to ask!\n\n## References\n- No verifiable source references were produced for this response.','ChatGPT','2026-04-14 10:15:04.000'),(20,11,0,'user','can you check which part is related to the summary?',NULL,'2026-04-14 14:28:32.000'),(21,11,1,'assistant','The attached document **UNDG-UNDAF-Companion-Pieces-5-Funding-To-Financing.pdf** does not directly relate to the summary content about \"Funding and Financing New Ventures,\" which focuses on start-ups. Instead, the attached document seems to discuss United Nations Development Assistance Frameworks (UNDAF) and their approach to funding and financing for sustainable development goals (SDGs).\n\nThe summary provides an overview of how start-ups obtain funding, the types of financing available, and the pros and cons of each method. It includes concepts like debt vs. equity financing, sources of funding specific to the Malaysian context, and the role of crowdfunding.\n\nTherefore, the attached document does not directly overlap with the provided summary, as it is more focused on UN strategies for mobilizing resources and bridging funding gaps for developmental goals, rather than start-up funding mechanisms.','ChatGPT','2026-04-14 14:28:32.000'),(22,1,8,'user','What is the key difference between debt and equity financing?',NULL,'2026-04-30 01:42:48.000'),(23,1,9,'assistant','The key difference between debt and equity financing lies in ownership and repayment obligations:\n\n### **Debt Financing:**\n- **Definition:** Involves borrowing funds that must be repaid with interest over time.\n- **Ownership:** Does not require giving up any ownership in the business.\n- **Obligation:** There is a legal obligation to repay the borrowed amount plus interest, regardless of the company\'s financial performance.\n- **Advantages:**\n  - Retains full ownership of the business.\n  - Interest payments are often tax-deductible.\n- **Disadvantages:**\n  - Requires regular payments, which can strain cash flow.\n  - High leverage can inhibit future borrowing capacity.\n\n### **Equity Financing:**\n- **Definition:** Involves raising capital by selling shares or ownership stakes in the business.\n- **Ownership:** Requires giving up a portion of ownership in the business in exchange for capital.\n- **Obligation:** No legal obligation to repay investors; instead, they gain a claim on future profits and possibly voting rights.\n- **Advantages:**\n  - No requirement to repay funds, reducing the financial burden during tough times.\n  - Investors can bring valuable expertise and networks.\n- **Disadvantages:**\n  - Dilutes the ownership of existing shareholders.\n  - May involve sharing decision-making with new investors.\n\nIn summary, debt financing is about borrowing with a promise to pay back, maintaining ownership, while equity financing is about raising funds by giving away a share of the business without an obligation to repay.\n\n## References\n- No verifiable source references were produced for this response.','ChatGPT','2026-04-30 01:42:48.000'),(24,13,0,'user','is there real life scenario on proving the importance of this framework?',NULL,'2026-04-30 01:53:38.000'),(25,13,1,'assistant','Real-life scenarios that demonstrate the importance of software security frameworks often involve cases where lack of proper security measures led to significant breaches, or conversely, where strong frameworks prevented such incidents.\n\n**Example: Equifax Data Breach (2017)**\n- The Equifax data breach is a well-known incident where lack of adherence to robust software security practices resulted in sensitive data of approximately 147 million people being exposed. The breach occurred due to a failure to patch a known vulnerability in a timely manner. This underscores the importance of **Security Development Life Cycle (SDLC)** practices and **regular risk management assessments** that could have identified the patch as a critical security update to be applied promptly.\n\n**Example: LinkedIn**\n- On the prevention side, companies like LinkedIn utilize frameworks similar to BSIMM to continuously assess and improve their security practices. By integrating a comprehensive **Risk Management Framework** and improving their software assurance practices, LinkedIn has been able to mitigate potential security vulnerabilities and protect user data more effectively.\n\n**Expanded Context (Beyond the Summary):**\n- These scenarios highlight the key principles found in the lecture summary. Specifically, the Equifax breach illustrates why detecting vulnerabilities early (as Steve McConnell suggests) is crucial to saving time, costs, and preventing security incidents. Meanwhile, LinkedIn\'s proactive measures show how frameworks such as BSIMM help organizations maintain rigorous security standards and adapt to new threats by leveraging industry data and benchmarks. \n\nHaving real-world procedures in place for early detection and correction of software defects, as well as continued risk assessment, can lead to significant long-term savings and reduced risk of costly data breaches.','ChatGPT','2026-04-30 01:53:38.000'),(26,13,2,'user','What are the benefits of using Software Assurance Lifecycle Models?',NULL,'2026-04-30 02:08:31.000'),(27,13,3,'assistant','According to the lecture summary, Software Assurance Lifecycle Models are designed to ensure that security is a foundational element of software development rather than an afterthought.\n\nThe primary benefits identified in your materials include:\n\n### 1. Cost and Time Efficiency\nThe summary highlights insights from Steve McConnell regarding the **cost of correcting software defects**. \n*   **Early Detection:** Finding and fixing vulnerabilities during the requirements or design phase is significantly cheaper than fixing them after the software has been released.\n*   **Resource Management:** By integrating security early, organizations save the time and resources that would otherwise be spent on emergency patches and \"firefighting\" security breaches later.\n\n### 2. Integration \"From the Ground Up\"\nInstead of treating security as a final \"bolt-on\" feature, these models ensure it is **integrated throughout the entire lifecycle**. This creates a more robust defense because security measures are tailored to the specific architecture and functionality of the software as it is being built.\n\n### 3. Risk Mitigation and Prevention\n*   **Predictive Defense:** Using tools like **Attack Patterns** allows developers to understand how an attacker might exploit a system before the code is even finished.\n*   **Continuous Security:** Practices like **Risk Management & Ongoing Assessment** ensure that security doesn\'t stop once the code is written; it continues throughout the software\'s life to guard against emerging threats.\n\n### 4. Continuous Process Improvement\nFrameworks like **BSIMM** and **Maturity Models** allow organizations to:\n*   **Benchmark performance:** Compare their security practices against real-world data from other organizations.\n*   **Identify Gaps:** Clearly see which areas of their development process are weak and need more attention.\n\n***\n\n### Expanded Context (Beyond the summary)\nWhile the summary focuses on cost and structure, these models also typically provide these additional benefits:\n*   **Compliance and Regulation:** Many industries (like finance or healthcare) require proof of secure development practices. Lifecycle models provide the documentation (like the **Assurance Cases** mentioned in your summary) needed to meet legal standards.\n*   **Developer Accountability:** By defining security tasks at every stage (Requirements, Design, Coding, Testing), these models clarify who is responsible for security at each step, reducing the chance that vulnerabilities are overlooked due to human error.','Gemini','2026-04-30 02:08:31.000'),(28,13,4,'user','can you give an example of risk management framework in real life',NULL,'2026-04-30 02:35:28.000'),(29,13,5,'assistant','Certainly! A prominent example of a risk management framework in real life, particularly in the field of software security, is the **NIST Risk Management Framework (RMF)**. The National Institute of Standards and Technology (NIST) has developed this framework to assist organizations in managing and mitigating risks associated with information security.\n\n### Key Components of the NIST RMF:\n\n1. **Categorize Information Systems**\n   - Identify and categorize information and systems based on the potential impact of a security breach (high, moderate, or low).\n\n2. **Select Security Controls**\n   - Choose appropriate security controls (from NIST SP 800-53 and other sources) to protect the information systems based on the categorization.\n\n3. **Implement Security Controls**\n   - Put the selected security controls in place and ensure they are effectively integrated into the information systems.\n\n4. **Assess Security Controls**\n   - Evaluate the security controls to determine their effectiveness before full system deployment.\n\n5. **Authorize Information Systems**\n   - An organizational official reviews the security assessment results and decides if the system operates at an acceptable risk level.\n\n6. **Monitor Security Controls**\n   - Continuously track the security controls\' performance and make necessary adjustments to address emerging threats or changes in the environment.\n\n### Example: Federal Agencies\n\nFederal agencies in the United States are required to follow the NIST RMF when managing the risks associated with their information systems. This framework helps them:\n- **Comply with Federal Regulations:** By providing a standardized approach to risk management, agencies can ensure compliance with federal requirements like FISMA (Federal Information Security Management Act).\n- **Enhance Security Posture:** The RMF supports agencies in maintaining strong security defenses by systematically evaluating and addressing risks.\n\n### Expanded Context: Impact on Organizations\n\n**Beyond the summary (general knowledge):** Organizations that effectively implement the NIST RMF can achieve improved security outcomes by having a structured approach to risk identification and management, facilitating proactive threat mitigation, and promoting a culture of continuous improvement in security practices.','ChatGPT','2026-04-30 02:35:28.000'),(30,13,6,'user','What are the key differences between assurance lifecycle and maturity models?',NULL,'2026-05-13 07:38:51.000'),(31,13,7,'assistant','The key differences between Software Assurance Lifecycle Models and Software Assurance Maturity Models center around their focus, purpose, and application in improving software security:\n\n### Focus\n\n- **Assurance Lifecycle Models**\n  - **Integration into Development:** These models emphasize integrating security practices throughout the entire software development lifecycle. They focus on ensuring that security is considered at every stage, from initial design through deployment and maintenance.\n  - **Specific Practices and Phases:** Lifecycle models define specific security activities and milestones for each phase of development, such as requirements gathering, design, coding, testing, and deployment.\n\n- **Maturity Models**\n  - **Organizational Growth:** Maturity models assess and enhance an organization\'s security processes over time. They focus more on the organization\'s capability to integrate and improve security practices based on experience and evolving needs.\n  - **Benchmarking and Improvement:** These models provide a way to measure current security practices against industry standards and identify areas for improvement.\n\n### Purpose\n\n- **Assurance Lifecycle Models**\n  - **Security as a Foundation:** Aim to make security an intrinsic part of the software from the ground up, reducing vulnerabilities and risks associated with each development stage.\n  - **Consistent Application:** Ensure that security considerations are consistently applied across all projects and development teams.\n\n- **Maturity Models**\n  - **Self-Assessment:** Help organizations evaluate their current security posture and maturity level, providing a framework for ongoing improvement.\n  - **Strategic Planning:** Offer guidance for evolving security practices based on maturity levels, promoting a long-term approach to risk management.\n\n### Application\n\n- **Assurance Lifecycle Models**\n  - **Direct Application in Projects:** These models are typically applied directly to the software development process of specific projects to ensure security.\n  - **Operational Focus:** Concentrate on the specific implementation of security measures within software projects.\n\n- **Maturity Models**\n  - **Organizational Level Focus:** More concerned with the broader organizational practices and processes for ensuring security, rather than specific project details.\n  - **Holistic Approach:** Encourage a comprehensive view of the organization\'s security capabilities, fostering continual improvement.\n\nThese differences highlight how lifecycle models are specific to development processes, while maturity models focus on organizational growth and the capability to improve security practices over time.','ChatGPT','2026-05-13 07:38:51.000'),(32,13,8,'user','Referenced chat excerpts:\n1. \"Assurance Lifecycle Models\"\n\nUser request: explain further',NULL,'2026-05-13 08:55:03.000'),(33,13,9,'assistant','**Software Assurance Lifecycle Models** are designed to integrate security considerations into every phase of the software development process. Their primary goal is to ensure that security is not just an end-point concern but a fundamental part of software development from the very beginning.\n\n### Expanded Context on Assurance Lifecycle Models\n\n1. **Phase-Specific Security Activities**\n   - **Requirements Phase:** Security starts here by identifying potential threats and security requirements based on the software\'s intended use and the environments it will operate in. This phase may include creating security use cases or threat models to guide further development.\n   \n   - **Design Phase:** During design, security features and controls are planned. This might involve designing authentication protocols, access control mechanisms, and other security architecture elements. Architectural risk analysis is often conducted to find and address potential security issues before they are encoded.\n   \n   - **Implementation (Coding) Phase:** Security assurance at this stage involves using secure coding standards to prevent introducing vulnerabilities like SQL injection or buffer overflows. Regular secure code reviews can catch security-relevant bugs early.\n   \n   - **Testing Phase:** Security testing (e.g., penetration testing, static code analysis) ensures that security features work as intended and that the software is resistant to identified threats. Testing types mentioned in the summary, such as white box and black box testing, play a significant role in validating security.\n\n   - **Deployment and Maintenance Phase:** Security does not end at deployment; instead, ongoing monitoring and patching of software is crucial to respond to new vulnerabilities or attacks quickly. Risk management and continuous assessment are key practices here.\n\n2. **Role in Reducing Costs and Risks**\n   - By embedding security actions and checks throughout each phase, lifecycle models help prevent costly fixes and disruptions after deployment. Detecting and mitigating risks early in the lifecycle reduces potential damage from security breaches.\n\n3. **Examples and Implementations**\n   - An example of this approach is the **Security Development Life Cycle (SDLC)** mentioned in your summary, a methodology developed by companies like Microsoft to ensure software products are consistently developed with security integrated into every step.\n\nThese models are vital for systematically managing and mitigating security risks, ensuring that software is not only functional but also robust against potential security threats. This comprehensive integration helps organizations build trust with users by delivering relatively secure products from the outset.','ChatGPT','2026-05-13 08:55:03.000'),(34,18,0,'user','How does security governance differ from security management?',NULL,'2026-05-15 14:20:28.000'),(35,18,1,'assistant','Security governance and security management serve distinct roles within an organization\'s cybersecurity framework, focusing on different aspects of security operations.\n\n1. **Security Governance** is strategic in nature—it emphasizes the \"what\" and \"why\":\n   - **Level of Operation**: Strategic, focusing on the alignment of cybersecurity strategies with organizational goals.\n   - **Main Focus**: Setting policies, defining security vision, and outlining strategic objectives.\n   - **Key Responsibilities**: Involves C-level executives such as CIOs and CISOs, who are accountable for briefing the board on risks and ensuring that security strategies are aligned with business objectives.\n   - **Outcome**: Ensures comprehensive strategic alignment, risk management, compliance, and overall accountability within the organization\'s cybersecurity efforts.\n\n2. **Security Management** is operational—it deals with the \"how\":\n   - **Level of Operation**: Operational, concerned with the day-to-day execution and enforcement of security measures.\n   - **Main Focus**: Implementing and managing security policies, procedures, and controls.\n   - **Key Responsibilities**: Involves the execution of security strategies, incident response, access control, and continuous monitoring for vulnerabilities.\n   - **Outcome**: Ensures the effective implementation of security policies and controls to protect the organization\'s assets on a daily basis.\n\nIn summary, while security governance focuses on strategic alignment and policy setting, security management handles the practical implementation and operational aspect of executing those strategic objectives[1].\n\nReferences:\n1. **Summary Content**\n\n## References\n- No verifiable source references were produced for this response.','ChatGPT','2026-05-15 14:20:28.000'),(36,18,2,'user','can you find reference for the summary above?',NULL,'2026-05-15 15:53:51.000'),(38,20,0,'user','What techniques can instructors use to engage students in white-box technique discussions?',NULL,'2026-05-18 00:23:00.838'),(39,20,1,'assistant','Engaging students in discussions about white-box testing techniques can be achieved through a variety of interactive and educational strategies. Here are some techniques that instructors might consider employing:\n\n1. **Hands-On Lab Sessions**: Organize practical lab sessions where students can work on code and directly apply white-box testing techniques. Tools that support control flow testing, data flow analysis, or condition-based testing can be introduced for hands-on experience[1].\n\n2. **Case Studies and Real-World Examples**: Present case studies of real-world software failures that could have been detected through white-box testing. Discuss how specific white-box techniques could have mitigated these failures, making the relevance of these methods more tangible[1].\n\n3. **Interactive Control Flow Diagrams**: Use interactive diagrams to illustrate control flow, allowing students to visualize paths and identify how coverage metrics can be used to ensure thorough testing[1].\n\n4. **Group Projects and Peer Reviews**: Assign group projects that require the development of test cases based on white-box techniques, followed by peer reviews where students evaluate each other’s work. This encourages collaboration and critical analysis[1].\n\n5. **Discussion Forums and Debates**: Facilitate forums or debates on the merits and limitations of white-box versus black-box testing. Encourage students to defend or critique these techniques, fostering a deeper understanding through argumentation and discussion[1].\n\n6. **Quizzes and Simulations**: Integrate quizzes or simulations that require students to apply white-box principles in hypothetical scenarios, reinforcing learning through immediate feedback[1].\n\n7. **Guest Lectures and Industry Insights**: Bring in guest speakers from the industry to discuss how white-box testing is deployed in professional settings, providing students with practical insights and motivation[1].\n\nThese methods can help make the abstract and technical aspects of white-box testing more accessible and engaging to students.\n\n## References\n1. Chapter 5-White-Box.pdf','ChatGPT','2026-05-18 00:23:00.838'),(40,18,3,'assistant','Certainly! Below are references that discuss the distinction between security governance and security management:\n\n1. **Security Governance - an overview | ScienceDirect Topics**:\n   - This source describes security governance as a strategic function performed by executive management to provide direction and ensure that objectives align with business goals[6].\n   - Available at: [ScienceDirect Topics](https://www.sciencedirect.com/topics/computer-science/security-governance)\n\n2. **What Is Cybersecurity Governance? | Mimecast**:\n   - This article details the strategic nature of cybersecurity governance, focusing on establishing policies, processes, and accountability structures, which supports overall organizational goals by aligning security with business objectives[10].\n   - Available at: [Mimecast](https://www.mimecast.com/content/cybersecurity-governance)\n\n3. **What do we know about information security governance? | Emerald**:\n   - This study discusses the strategic focus of information security governance, emphasizing its role in setting the direction and framework for managing cybersecurity risk[9].\n   - Available at: [Emerald](https://www.emerald.com/insight/content/doi/10.1108/ICS-12-2019-0145/full/html)\n\nThese references provide insights into the strategic objectives of security governance and how they differ from the operational nature of security management, covering the breadth from setting strategic goals to everyday implementation and control.\n\n## References\n- [6] [Security Governance - an overview | ScienceDirect Topics](https://www.sciencedirect.com/topics/computer-science/security-governance)\n- [9] [What do we know about information security governance?](https://www.emerald.com/ics/article/28/2/261/1274394/What-do-we-know-about-information-security)\n- [10] [What Is Cybersecurity Governance? | Mimecast](https://www.mimecast.com/content/cybersecurity-governance)','ChatGPT','2026-05-22 12:30:29.173'),(41,20,2,'user','definition of white-box?',NULL,'2026-05-24 14:25:57.860'),(43,20,3,'assistant','In the context of testing, white-box refers to a methodology where the internal structure, design, and implementation of the item being tested are known to the tester. This transparency is symbolized by the \"white\" in white-box, as opposed to a \"black-box\" approach where only inputs and outputs are visible, without insight into the internal workings[1].\n\nWhite-box testing involves evaluating the system by focusing on its code and control flow, examining its functions, conditions, and paths to ensure that they are working as intended. It demands a good understanding of the source code to identify specific paths and areas that require thorough testing[1].\n\n## References\n1. Chapter 5-White-Box.pdf','ChatGPT','2026-05-24 14:28:46.875'),(44,20,4,'user','definition of black-box?',NULL,'2026-05-24 15:36:10.594'),(45,20,5,'assistant','Black-box testing is a method of software testing that focuses on evaluating the functionality of a program without any knowledge of its internal code structure, implementation details, or internal paths. The term \"black-box\" signifies that the internal workings of the system are not visible to the tester. Instead, the focus is on the inputs and expected outputs of the system.\n\nThis type of testing assesses whether the system behaves as expected by providing inputs to the program and observing the outputs, relying purely on the requirements and functional specifications. It is often used to verify that the software meets user requirements and functions correctly at the surface level, without delving into how those functions are executed internally.\n\n**Beyond the summary (general knowledge):** Black-box testing is particularly useful for acceptance, system, and user interface testing because it allows testers to evaluate the system from an end-user\'s perspective.','ChatGPT','2026-05-24 15:36:10.594'),(46,20,6,'user','What evidence supports the superior effectiveness of decision coverage?',NULL,'2026-05-24 15:38:32.014'),(47,20,7,'assistant','Decision coverage, or branch coverage, is regarded as more effective than statement coverage primarily because it extends the scope of testing beyond just executing statements to ensure that all possible branches in the decision-making parts of the code are exercised. This coverage type requires that every outcome of each decision point has been tested, making it more robust in identifying errors that occur due to conditional logic.\n\nIn contrast, statement coverage may simply ensure that each line of code is executed at least once, potentially missing faults associated with specific branches or paths that are not triggered during testing. Additionally, decision coverage is better suited for detecting errors related to control flow, as it explicitly examines how different paths in the program are handled, which is often where many logical errors reside (from your lecture materials).\n\nThis broader examination of program behavior under different conditions makes decision coverage a more effective approach for identifying potential faults that could lead to unexpected outcomes.','ChatGPT','2026-05-24 15:38:32.014'),(48,20,8,'user','definition of statement coverage',NULL,'2026-05-24 15:39:24.209'),(49,20,9,'assistant','Statement coverage is a white-box testing metric that measures the percentage of executable code statements that have been exercised by a set of test cases. The goal is to ensure that all statements in the code are executed at least once during the testing process.\n\nThis metric is calculated by dividing the number of executed statements by the total number of executable statements in the program, then expressing this as a percentage. While statement coverage helps verify that code lines are not completely bypassed, it might not thoroughly test all paths or decision outcomes in the code, making it a relatively basic form of code coverage[1].','ChatGPT','2026-05-24 15:39:24.209'),(50,13,10,'user','Referenced chat excerpts:\n1. \"Security Development Life Cycle\"\n\nUser request: explain',NULL,'2026-05-25 07:31:17.695'),(51,13,11,'assistant','The **Security Development Life Cycle (SDLC)** is a structured process that integrates security considerations and activities into each phase of software development. Its purpose is to ensure that security is a primary focus throughout the lifecycle, from design to deployment, and beyond. This approach helps in building more secure and robust software products.\n\n### Key Elements of Security Development Life Cycle (SDLC):\n\n1. **Planning and Requirements**\n   - **Initial Security Requirements:** Identify and document potential security requirements that align with the business objectives and regulatory needs. This includes understanding what security features the software needs and establishing criteria for secure development.\n\n2. **Design**\n   - **Threat Modeling:** A critical activity where potential threats are identified and addressed during the design phase. Threat modeling helps developers anticipate how and where an application may be attacked, and allows them to design defenses accordingly.\n\n3. **Implementation (Coding)**\n   - **Secure Coding Practices:** Enforce coding standards that minimize vulnerabilities. Developers are trained and required to follow established guidelines that can help prevent common security issues like buffer overflows or injection attacks.\n\n4. **Validation (Testing)**\n   - **Security Testing:** Includes techniques like penetration testing, static and dynamic code analysis, and vulnerability scanning to ensure that the implemented security measures are effective. This phase confirms that the software behaves securely under expected and unexpected conditions.\n\n5. **Release and Deployment**\n   - **Security Checkpoints:** Conduct final security reviews before the software is released to production. This might include an assessment of the deployment environment and verification that no known vulnerabilities are neglected.\n\n6. **Maintenance**\n   - **Monitoring and Patching:** Once deployed, continuous monitoring is essential for identifying new vulnerabilities or threats. It involves regular updates and patches to fix any discovered issues and maintain security over the software\'s lifespan.\n\n### Importance of SDLC in Security:\n\n- **Proactive Risk Management:** By integrating security practices from the beginning, SDLC helps in proactively managing security risks, reducing potential damage from security breaches.\n- **Cost Efficiency:** Fixing security issues early in the lifecycle is generally more cost-effective than responding to security incidents post-deployment.\n- **Boosts Trust and Compliance:** Secure software is essential for maintaining customer trust and meeting regulatory compliance, particularly in industries like healthcare and finance, with stringent security requirements.\n\nThe Security Development Life Cycle is a vital framework for organizations aiming to produce secure software. It transforms security from being a reactive measure to an integrated, preventive approach that safeguards both the software and its users.','ChatGPT','2026-05-25 07:31:17.695'),(52,20,10,'user','Referenced chat excerpts:\n1. \"mulations: Integrate quizzes or simulations that require students to apply white-box principles in hypothetical scenari\"\n\nUser request: wwqwq',NULL,'2026-05-25 07:33:42.432'),(53,20,11,'assistant','It seems like there might have been an error or incomplete input with \"wwqwq.\" Could you please clarify what specific information or assistance you need regarding the excerpts or any other topic? This will help me provide a more accurate and helpful response.','ChatGPT','2026-05-25 07:33:42.432'),(54,11,2,'user','what is the definition of funding',NULL,'2026-05-30 08:33:10.522'),(55,11,3,'assistant','In the context of start-ups, \"funding\" refers to the process of providing financial resources, typically in the form of money, to support the growth and operations of a new venture.','ChatGPT','2026-05-30 08:33:10.522'),(56,3,10,'user','can you read this file and compare the notes from previous ones.',NULL,'2026-06-02 00:51:31.495'),(57,3,11,'assistant','I\'m unable to read files directly at the moment, but if you upload the screenshot or share specific content from it, I\'d be glad to help analyze or compare it with the previous notes on crowdfunding in Malaysia. Let me know how you\'d like to proceed!','ChatGPT','2026-06-02 00:51:31.495'),(58,20,12,'user','find journals related to white-box',NULL,'2026-06-03 03:29:27.529'),(59,20,13,'assistant','Here are some journals and articles related to white-box testing that you might find useful:\n\n1. **Classifying generated white-box tests: an exploratory study** — This article explores how white-box tests are generated and classified, analyzing the code of the system under test and selecting relevant test inputs to capture observed behavior. Available on [SpringerLink](https://link.springer.com/article/10.1007/s11219-019-09446-5).\n\n2. **Further empirical studies of test effectiveness** — This paper reports on an empirical evaluation of the fault-detecting ability of white-box software testing techniques, specifically decision coverage and the all-uses data flow testing criterion. Found through [ACM Digital Library](https://doi.org/10.1145/288195.288298).\n\n3. **A Comparative Study of White Box, Black Box** — Published in the International Journal of Advanced Computer Science and Applications, it provides a comparative analysis of white-box, black-box, and grey-box testing techniques. Available at [IJACSA](https://thesai.org/Downloads/Volume3No6/Paper%203-A%20Comparative%20Study%20of%20White%20Box,%20Black%20Box%20and%20Grey%20Box%20Testing%20Techniques.pdf).\n\nThese sources offer insights into the methodologies, effectiveness, and comparative aspects of white-box testing within the broader context of software testing techniques.\n\n## References\n- No verifiable web or journal sources were cited for this reply. Try rephrasing or check that reference search found results.','ChatGPT','2026-06-03 03:29:27.529'),(60,20,14,'user','FIND articles that provides case study on this matter',NULL,'2026-06-03 04:08:54.134'),(61,20,15,'assistant','For articles that offer case studies on white-box testing, you can explore the following options which typically cover practical applications or analysis involving white-box methodologies:\n\n1. **Empirical Studies in White-Box Testing** — Look for studies that specifically focus on the application of white-box testing in software projects, detailing the outcomes and effectiveness of such techniques in practical environments. These often include real-life scenarios in commercial or open-source projects.\n\n2. **A Comparative Study of White-Box and Black-Box Testing on Open Source Projects** — Some articles will compare these testing methods by applying them to open source software, offering insight into specific advantages and challenges encountered during testing.\n\n3. **Software Testing Techniques** — Journals like IEEE Transactions on Software Engineering often publish detailed studies and case studies related to advanced software testing techniques, including white-box testing.\n\n4. **Case Study: Application of White-Box Techniques in High-Security Environments** — Articles discussing how white-box testing is applied in sensitive areas requiring intensive security audits, showcasing results and strategic implementation.\n\nFor access to such articles, databases like IEEE Xplore, ACM Digital Library, and SpringerLink are excellent starting points. They typically house a range of studies and papers on practical applications and detailed case studies regarding white-box testing in various industries.\n\n## References\n_Search found these sources; the reply above did not cite them with [n] markers. Regenerate or ask to \"cite sources as [1], [2]\"._\n- [1] [[PDF] Doing Case Study Research: A Practical Guide for Beginning ...](http://ndl.ethernet.edu.et/bitstream/123456789/72900/1/23PDF.pdf)\n- [2] [A new criterion for assessing discriminant validity in variance-based structural equation modeling](https://doi.org/10.1007/s11747-014-0403-8)\n- [3] [An Empirical Study on Correlations Between Deep Neural Network Fairness and Neuron Coverage Criteria](https://doi.org/10.1109/tse.2023.3349001)\n- [4] [Analyze the Case Study for Chapter 5 on page 91 (docx) - CliffsNotes](https://www.cliffsnotes.com/study-notes/20083571)\n- [5] [Case studies: a guide for researchers, educators, and implementers](https://pmc.ncbi.nlm.nih.gov/articles/PMC12458855)\n- [6] [Chapter 5:Case Study Flashcards - Quizlet](https://quizlet.com/600836374/chapter-5case-study-flash-cards)\n- [7] [Characterization of the resistome and antibiotic-resistant bacteria in top soil improvers and irrigation waters devoted to food production: a case study from Italy](https://doi.org/10.1007/s11356-025-36438-9)\n- [8] [Effective Strategies for Completing Chapter 5 Case Study](https://www.coursesidekick.com/law/240204)\n- [9] [Estimating daily evaporation from poorly-monitored lakes using limited meteorological data: A case study within Qaraoun dam - Lebanon.](https://doi.org/10.1016/j.jenvman.2018.07.032)\n- [10] [Global burden of 87 risk factors in 204 countries and territories, 1990–2019: a systematic analysis for the Global Burden of Disease Study 2019](https://doi.org/10.1016/s0140-6736(20)30752-2)','ChatGPT','2026-06-03 04:08:54.134'),(62,21,0,'user','Referenced chat excerpts:\n1. \"Blue-Green Deployment\"\n\nUser request: what is this',NULL,'2026-06-03 06:28:20.427'),(63,21,1,'assistant','**Blue-Green Deployment** is a modern release management strategy designed to minimize downtime and reduce risks associated with deploying new software versions. Here’s how it works:\n\n### Concept\n\nIn a Blue-Green Deployment setup, you maintain two identical environments (traditionally named Blue and Green):\n\n- **Blue Environment**: This is the production environment currently serving all user traffic.\n- **Green Environment**: This is the identical environment where the new version of the application is deployed.\n\n### Process\n\n1. **Deployment**:\n   - The new version of the application is deployed to the Green environment while the Blue environment remains live and unaffected.\n  \n2. **Testing**:\n   - Once the application is live in Green, thorough testing is conducted in this environment to ensure everything functions as expected.\n\n3. **Switching**:\n   - After validation, traffic is switched from the Blue environment to the Green environment, making the new version live for all users.\n  \n4. **Rollback**:\n   - If any issues arise after switching, it\'s straightforward to roll back to the Blue environment with minimal downtime, as it still contains the previous, stable version of the application.\n\n### Benefits\n\n- **Reduced Downtime**: Since the new version is tested in the Green environment before it goes live, the transition can happen quickly with little to no downtime.\n- **Quick Rollback**: In case of any issues, reverting to the previous version is simple and fast, ensuring user experience is minimally affected.\n- **Risk Mitigation**: Deploying updates gradually to a production environment reduces the risk of large, disruptive changes.\n\nThis deployment method is particularly useful in environments where continuity and reliability are critical, allowing organizations to release new features and fixes with confidence.','ChatGPT','2026-06-03 06:28:20.427'),(64,22,0,'user','Find relevant articles on this topic',NULL,'2026-06-03 10:35:10.835'),(65,22,1,'assistant','Here are some relevant articles related to the topic of presentation generation and similar technologies:\n\n- [iPoster: Interactive Poster Generation based on Topic Structure and Slide Presentation](https://www.jstage.jst.go.jp/article/tjsai/30/1/30_30_112/_pdf) — Yuanyuan Wang, Yukiko Kawai, K. Sumiya (2015)\n \nThis article discusses a system for generating interactive posters that are structured based on topics, which may provide insights into automated presentation techniques.\n\nIf you need further information or specific aspects covered in related academic literature, please let me know!\n\n## References\n- [iPoster: Interactive Poster Generation based on Topic Structure and Slide Presentation](https://www.jstage.jst.go.jp/article/tjsai/30/1/30_30_112/_pdf) — Yuanyuan Wang, Yukiko Kawai, K. Sumiya (2015)','ChatGPT','2026-06-03 10:35:10.835'),(66,13,12,'user','How does the BSIMM framework aid in software security benchmarking?',NULL,'2026-06-04 04:06:58.849'),(67,13,13,'assistant','The **BSIMM (Building Security In Maturity Model)** framework aids in software security benchmarking by providing a data-driven, standardized way for organizations to measure and compare their software security initiatives against real-world industry practices.\n\n### How BSIMM Works for Benchmarking\n\nAccording to your summary, BSIMM achieves this through two primary features:\n\n**1. Real-world Data from 130+ Organizations**\nUnlike theoretical models, BSIMM is built on observed practices from a large number of organizations (originally 130+). This means the benchmark is grounded in what companies *actually do* rather than what an ideal model suggests.\n\n**2. The Four Domains**\nBSIMM organizes security practices into four domains:\n- **Governance:** Strategy, policy, and compliance.\n- **Intelligence:** Attack patterns, security features, and standards.\n- **SSDL Touchpoints:** Activities like code review and testing integrated into the development lifecycle.\n- **Deployment:** Software environment, configuration management, and vulnerability management.\n\n### Practical Benchmarking Applications\n\nYour summary lists two specific applications:\n\n**1. Comparing Against Industry Standards**\nOrganizations can score their current security practices across the four domains and then compare that score against the aggregated data from the 130+ organizations. This tells them: *\"Are we above average, below average, or on par with similar organizations?\"*\n\n**2. Identifying Improvement Areas**\nBy seeing which domains or specific practices they score low on (relative to the benchmark), organizations can prioritize where to invest resources. For example, if an organization scores well on Governance but poorly on Deployment, the benchmark clearly signals a need to improve software environment security.\n\n***\n\n### Expanded Context (Beyond the Summary)\n\n**How the Scoring Works:**\nBSIMM does not assign a single \"maturity level\" (like Level 1 through 5). Instead, it measures the **breadth and depth** of adoption for 112 specific activities. An organization\'s \"score\" reflects how many of these activities are performed consistently.\n\n**Example of a Benchmarking Result:**\n- If the BSIMM data shows that 80% of organizations perform \"Penetration Testing\" but only 30% perform \"Automated Vulnerability Scanning during Builds,\" a company that does the scanning is ahead of the curve.\n- Conversely, if a company does *neither*, the benchmark tells them that Penetration Testing is a more common (and thus arguably more business-critical) first step to take.\n\n**Strategic Value:**\nBSIMM helps organizations move from *\"We think we are doing well on security\"* to *\"We know we are doing well* **relative to our peers** *and here is the data to prove it.\"*','DeepSeek','2026-06-04 04:06:58.849'),(68,13,14,'user','Attached documents (full extracted text is in the \"Attached Sources\" section of your context): Chapter 5-White-Box.pdf\n\ndoes the topic relevant to white box',NULL,'2026-06-04 15:40:09.251'),(69,13,15,'assistant','Yes, the topic is relevant to white-box testing, as indicated in the attached document \"Chapter 5-White-Box.pdf.\" White-box testing, also known as structure-based or glass-box testing, involves examining the internal logic and structure of the code to design test cases.\n\n### Key Concepts from the Document:\n\n1. **White-Box Test Design Techniques:**\n - The document outlines specific techniques used in white-box testing, such as statement coverage, decision coverage, and path coverage. These techniques ensure that different parts of the code are executed and tested for potential bugs or vulnerabilities.\n\n2. **Structure-Based Testing:**\n - White-box testing explicitly focuses on tests derived from the structure of the software. This includes control flow-based testing, data flow-based testing, and condition-based testing, all of which are mentioned in your document.\n\n3. **Coverage Metrics:**\n - Coverage criteria like statement coverage (ensuring that all code statements are executed at least once), decision coverage, and others are fundamental to white-box testing. These metrics help evaluate the thoroughness of the tests conducted.\n\n4. **Application in Risk Management:**\n - The document\'s emphasis on evaluating the internal code aligns with the risk management framework\'s goal of identifying and mitigating risks early in the development process. By understanding and covering the internal logic, potential risks associated with code errors can be minimized.\n\nOverall, the attached document provides detailed insights into the methodologies and objectives of white-box testing, making it a relevant and integral component of the software security framework and risk management strategies outlined in your lecture summary.\n\n## References\n- No articles with accessible links were found for this search.','ChatGPT','2026-06-04 15:40:09.251'),(70,23,0,'user','what are the keypoints',NULL,'2026-06-05 15:07:49.933'),(71,23,1,'assistant','Here are the key points from the FYP1 Final Report Draft about the AI-powered tool for summarizing and enhancing lecture materials:\n\n1. **Project Purpose**: \n   - Developed by Kingston Chong Khai Hung as a software engineering final-year project at Universiti Malaysia Sarawak. \n   - The tool is designed to help students and lecturers efficiently summarize lecture notes.\n\n2. **Significance**:\n   - Addresses the challenge of processing large volumes of digital learning materials.\n   - Aims to enhance learning efficiency by providing concise, meaningful summaries.\n\n3. **Core Features**:\n   - **User Roles**: Allows students and lecturers to upload lecture notes in PDF or PowerPoint format.\n   - **Text Extraction**: Uses OCR to manage both text-based and scanned documents.\n   - **AI Integration**: Employs large language models like Gemini, DeepSeek, and OpenAI for flexible and precise summarization.\n   - **Data Management**: Summarized content is stored in a database for future reference.\n\n4. **Development Methodology**:\n   - Follows the Waterfall methodology with structured phases: \n     - Requirement Analysis\n     - System Design\n     - Implementation\n     - Testing\n\n5. **Expected Outcomes**:\n   - Reduces time and effort for reviewing materials.\n   - Improves learning quality by focusing on key content.\n\n6. **Insights from Literature Review**:\n   - NLP is vital for AI summarization.\n   - Benchmarks from existing systems like Google NotebookLM, Scholarcy, and NoteGPT influenced the project.\n\n7. **Technologies and Design**:\n   - **Frontend**: Developed using React.js or Next.js with TailwindCSS or MUI for styling.\n   - **Backend**: Built with Node.js and Express, integrating MySQL for data management.\n   - **APIs**: Uses Gemini, DeepSeek, and OpenAI services for better summarization.\n   - **Document Processing**: Tools like dots.ocr and pptx2json handle text recognition and PowerPoint file conversion.\n\n8. **Conclusion**:\n   - AI summarization can significantly benefit academic settings by improving interaction with digital content and reducing manual effort in summarization.','ChatGPT','2026-06-05 15:07:49.933'),(72,22,2,'user','{\"v\":1,\"t\":\"whats this\",\"n\":1}',NULL,'2026-06-05 22:57:22.258'),(73,22,3,'assistant','The image shows a cluster of yellow bananas. Bananas are a popular tropical fruit known for their sweet taste and soft texture. They are often eaten raw, added to smoothies, or used in baking. They are rich in potassium, vitamins, and other nutrients, making them a healthy snack option. If you need specific information about bananas or their uses, feel free to ask!','ChatGPT','2026-06-05 22:57:22.258');
/*!40000 ALTER TABLE `ChatMessage` ENABLE KEYS */;
UNLOCK TABLES;

--
-- Table structure for table `ChatShare`
--

DROP TABLE IF EXISTS `ChatShare`;
/*!40101 SET @saved_cs_client     = @@character_set_client */;
/*!50503 SET character_set_client = utf8mb4 */;
CREATE TABLE `ChatShare` (
  `id` int NOT NULL AUTO_INCREMENT,
  `userId` int NOT NULL,
  `summaryId` int NOT NULL,
  `shareToken` varchar(64) COLLATE utf8mb4_unicode_ci NOT NULL,
  `published` tinyint(1) NOT NULL DEFAULT '0',
  `snapshot` json NOT NULL,
  `createdAt` datetime(3) NOT NULL DEFAULT CURRENT_TIMESTAMP(3),
  `updatedAt` datetime(3) NOT NULL,
  PRIMARY KEY (`id`),
  UNIQUE KEY `ChatShare_summaryId_key` (`summaryId`),
  UNIQUE KEY `ChatShare_shareToken_key` (`shareToken`),
  KEY `ChatShare_userId_idx` (`userId`),
  CONSTRAINT `ChatShare_summaryId_fkey` FOREIGN KEY (`summaryId`) REFERENCES `Summary` (`id`) ON DELETE CASCADE ON UPDATE CASCADE,
  CONSTRAINT `ChatShare_userId_fkey` FOREIGN KEY (`userId`) REFERENCES `User` (`id`) ON DELETE CASCADE ON UPDATE CASCADE
) ENGINE=InnoDB AUTO_INCREMENT=7 DEFAULT CHARSET=utf8mb4 COLLATE=utf8mb4_unicode_ci;
/*!40101 SET character_set_client = @saved_cs_client */;

--
-- Dumping data for table `ChatShare`
--

LOCK TABLES `ChatShare` WRITE;
/*!40000 ALTER TABLE `ChatShare` DISABLE KEYS */;
INSERT INTO `ChatShare` VALUES (1,4,15,'cdb35521d40173fd1a52841a7d95692fa94ff903a552f4c0',1,'{\"v\": 1, \"model\": \"chatgpt:gpt-4o\", \"title\": \"Security_Governance_Presentation_updated\", \"messages\": [{\"role\": \"user\", \"content\": \"How does security governance differ from security management?\"}, {\"role\": \"assistant\", \"content\": \"Security governance and security management serve distinct roles within an organization\'s cybersecurity framework, focusing on different aspects of security operations.\\n\\n1. **Security Governance** is strategic in nature—it emphasizes the \\\"what\\\" and \\\"why\\\":\\n   - **Level of Operation**: Strategic, focusing on the alignment of cybersecurity strategies with organizational goals.\\n   - **Main Focus**: Setting policies, defining security vision, and outlining strategic objectives.\\n   - **Key Responsibilities**: Involves C-level executives such as CIOs and CISOs, who are accountable for briefing the board on risks and ensuring that security strategies are aligned with business objectives.\\n   - **Outcome**: Ensures comprehensive strategic alignment, risk management, compliance, and overall accountability within the organization\'s cybersecurity efforts.\\n\\n2. **Security Management** is operational—it deals with the \\\"how\\\":\\n   - **Level of Operation**: Operational, concerned with the day-to-day execution and enforcement of security measures.\\n   - **Main Focus**: Implementing and managing security policies, procedures, and controls.\\n   - **Key Responsibilities**: Involves the execution of security strategies, incident response, access control, and continuous monitoring for vulnerabilities.\\n   - **Outcome**: Ensures the effective implementation of security policies and controls to protect the organization\'s assets on a daily basis.\\n\\nIn summary, while security governance focuses on strategic alignment and policy setting, security management handles the practical implementation and operational aspect of executing those strategic objectives[1].\\n\\nReferences:\\n1. **Summary Content**\\n\\n## References\\n- No verifiable source references were produced for this response.\", \"modelLabel\": \"ChatGPT\"}, {\"role\": \"user\", \"content\": \"can you find reference for the summary above?\"}, {\"role\": \"assistant\", \"content\": \"Certainly! Below are references that discuss the distinction between security governance and security management:\\n\\n1. **Security Governance - an overview | ScienceDirect Topics**:\\n   - This source describes security governance as a strategic function performed by executive management to provide direction and ensure that objectives align with business goals[6].\\n   - Available at: [ScienceDirect Topics](https://www.sciencedirect.com/topics/computer-science/security-governance)\\n\\n2. **What Is Cybersecurity Governance? | Mimecast**:\\n   - This article details the strategic nature of cybersecurity governance, focusing on establishing policies, processes, and accountability structures, which supports overall organizational goals by aligning security with business objectives[10].\\n   - Available at: [Mimecast](https://www.mimecast.com/content/cybersecurity-governance)\\n\\n3. **What do we know about information security governance? | Emerald**:\\n   - This study discusses the strategic focus of information security governance, emphasizing its role in setting the direction and framework for managing cybersecurity risk[9].\\n   - Available at: [Emerald](https://www.emerald.com/insight/content/doi/10.1108/ICS-12-2019-0145/full/html)\\n\\nThese references provide insights into the strategic objectives of security governance and how they differ from the operational nature of security management, covering the breadth from setting strategic goals to everyday implementation and control.\\n\\n## References\\n- [6] [Security Governance - an overview | ScienceDirect Topics](https://www.sciencedirect.com/topics/computer-science/security-governance)\\n- [9] [What do we know about information security governance?](https://www.emerald.com/ics/article/28/2/261/1274394/What-do-we-know-about-information-security)\\n- [10] [What Is Cybersecurity Governance? | Mimecast](https://www.mimecast.com/content/cybersecurity-governance)\", \"modelLabel\": \"ChatGPT\"}], \"sharedAt\": \"2026-06-03T02:09:21.956Z\", \"createdAt\": \"2026-05-15T14:16:34.466Z\", \"summarizeFor\": \"lecturer\", \"summaryOutput\": \"## Executive Summary\\n\\n1. **Core Principles**: Security governance is vital for aligning cybersecurity strategies with organizational goals, focusing on risk, accountability, and compliance.\\n2. **Strategic versus Operational**: Security governance is strategic, involving the \\\"what and why,\\\" while security management is operational, focusing on the \\\"how.\\\"\\n3. **Key Roles**: Key roles in security governance include the Board of Directors, C-level officers like the CIO/CISO, a Security Governance Committee, and internal audit teams.\\n4. **Frameworks**: International frameworks like ISO/IEC 27001 and the NIST Cybersecurity Framework guide security governance, offering methodologies for consistent security management.\\n5. **Policies and Procedures**: Essential components include data protection policies, incident response plans, and access control policies, illustrated by multifactor authentication policies for cloud services.\\n6. **Metrics and Reporting**: Effective security governance relies on KPIs and comprehensive reporting, such as incident counts, patch management, and phishing success rates.\\n7. **Case Studies**: Real-world examples, like Target\'s 2013 data breach, highlight the repercussions of inadequate security governance, including a $162M loss due to poor vendor management and lack of board awareness.\\n8. **Accountability**: Designated personnel such as CISOs are tasked with responding to security breaches and aligning security initiatives with strategic goals.\\n9. **Risk-Based Decisions**: Governance involves prioritizing investments based on sector-specific threats, such as ransomware, to allocate resources effectively.\\n10. **Implications**: Strong security governance reduces organizational risk and enhances compliance with legal and industry standards.\\n\\n## Detailed Explanation\\n\\n### Core Principles and Importance of Security Governance\\n\\nSecurity governance serves as a critical framework underpinning an organization\'s efforts to align cybersecurity measures with broader business objectives. Its core focuses include risk management, accountability, and adherence to compliance requirements. These elements ensure that cybersecurity strategies are not only robust but are seamlessly integrated with strategic business goals, such as regulatory compliance with frameworks like PCI-DSS for financial institutions. This alignment is exemplified by a company expanding its cloud services and needing to secure identities and access accordingly.\\n\\n### Strategic vs. Operational Distinctions\\n\\nThe document distinguishes between security governance and security management, stating governance operates at a strategic level, setting policies and defining the security vision and strategy. In contrast, security management is operational, dealing with the execution and enforcement of security measures. Governance implicates high-level responsibilities suited to C-level executives, particularly CIOs and CISOs, who are accountable for outlining and communicating security risks and strategies to the board.\\n\\n### Roles in Security Governance\\n\\nCritical to implementing effective security governance are roles such as the Board of Directors, who provide oversight, and the CIO/CISO, responsible for briefing the board on risk quarterly. The Security Governance Committee acts as the collaboration hub for policy development and strategy alignment, while internal audits ensure continuous compliance and iterative improvement of the governance framework.\\n\\n### Security Governance Frameworks\\n\\nInternational and national standards such as ISO/IEC 27001 and NIST Cybersecurity Framework offer structured approaches for organizations to manage cybersecurity risks. ISO/IEC 27001 provides requirements for establishing an Information Security Management System (ISMS), whereas NIST is widely adopted for its flexible guidelines in improving cybersecurity readiness. These frameworks offer industry-specific guidance on aligning security practices with business objectives.\\n\\n### Policies, Procedures, Metrics, and Reporting\\n\\nKey security governance components involve policies like data protection, incident response plans, and access control measures. Metrics such as KPIs play a central role in assessing effectiveness, involving indicators like incident response times, the success of security training on phishing incidents, and technical measures such as patch management rates. These metrics, alongside detailed reports, facilitate ongoing dialogue and decision-making at the strategic level.\\n\\n### Case Studies and Lessons Learned\\n\\nThe Target breach in 2013 exemplifies a breakdown in security governance due to insufficient vendor access control and a lack of board awareness. This incident underscores the necessity for comprehensive governance that includes third-party risk considerations and informed oversight at the executive level. Lessons from such case studies stress the importance of inclusive governance structures.\\n\\n### Accountability and Risk-Based Decision-Making\\n\\nDesignated roles like CISOs and IT managers bear responsibility during data breaches and in the strategic alignment of cybersecurity initiatives with the organization’s broader goals. Governance encompasses prioritizing resources based on identified threats, such as ransomware, to fortify against prevalent sector-specific risks. This risk-based planning is a hallmark of effective governance ensuring optimal resource allocation.\\n\\n### Implications of Strong Security Governance\\n\\nOrganizations that implement robust security governance frameworks benefit through reduced exposure to risks and improved compliance with relevant legal and industry standards. This governance ensures that security measures are proactive, strategic, and aligned with the dynamic technology landscape and competitive business objectives.\"}','2026-06-03 01:31:18.954','2026-06-03 02:09:21.959'),(2,4,16,'4bf191641c2d5ed25ed868205cfed393be9b095dafa4df62',1,'{\"v\": 1, \"model\": \"chatgpt:gpt-4o\", \"title\": \"Chapter 5- White Box\", \"messages\": [{\"role\": \"user\", \"content\": \"What techniques can instructors use to engage students in white-box technique discussions?\"}, {\"role\": \"assistant\", \"content\": \"Engaging students in discussions about white-box testing techniques can be achieved through a variety of interactive and educational strategies. Here are some techniques that instructors might consider employing:\\n\\n1. **Hands-On Lab Sessions**: Organize practical lab sessions where students can work on code and directly apply white-box testing techniques. Tools that support control flow testing, data flow analysis, or condition-based testing can be introduced for hands-on experience[1].\\n\\n2. **Case Studies and Real-World Examples**: Present case studies of real-world software failures that could have been detected through white-box testing. Discuss how specific white-box techniques could have mitigated these failures, making the relevance of these methods more tangible[1].\\n\\n3. **Interactive Control Flow Diagrams**: Use interactive diagrams to illustrate control flow, allowing students to visualize paths and identify how coverage metrics can be used to ensure thorough testing[1].\\n\\n4. **Group Projects and Peer Reviews**: Assign group projects that require the development of test cases based on white-box techniques, followed by peer reviews where students evaluate each other’s work. This encourages collaboration and critical analysis[1].\\n\\n5. **Discussion Forums and Debates**: Facilitate forums or debates on the merits and limitations of white-box versus black-box testing. Encourage students to defend or critique these techniques, fostering a deeper understanding through argumentation and discussion[1].\\n\\n6. **Quizzes and Simulations**: Integrate quizzes or simulations that require students to apply white-box principles in hypothetical scenarios, reinforcing learning through immediate feedback[1].\\n\\n7. **Guest Lectures and Industry Insights**: Bring in guest speakers from the industry to discuss how white-box testing is deployed in professional settings, providing students with practical insights and motivation[1].\\n\\nThese methods can help make the abstract and technical aspects of white-box testing more accessible and engaging to students.\\n\\n## References\\n1. Chapter 5-White-Box.pdf\", \"modelLabel\": \"ChatGPT\"}, {\"role\": \"user\", \"content\": \"definition of white-box?\"}, {\"role\": \"assistant\", \"content\": \"In the context of testing, white-box refers to a methodology where the internal structure, design, and implementation of the item being tested are known to the tester. This transparency is symbolized by the \\\"white\\\" in white-box, as opposed to a \\\"black-box\\\" approach where only inputs and outputs are visible, without insight into the internal workings[1].\\n\\nWhite-box testing involves evaluating the system by focusing on its code and control flow, examining its functions, conditions, and paths to ensure that they are working as intended. It demands a good understanding of the source code to identify specific paths and areas that require thorough testing[1].\\n\\n## References\\n1. Chapter 5-White-Box.pdf\", \"modelLabel\": \"ChatGPT\"}, {\"role\": \"user\", \"content\": \"definition of black-box?\"}, {\"role\": \"assistant\", \"content\": \"Black-box testing is a method of software testing that focuses on evaluating the functionality of a program without any knowledge of its internal code structure, implementation details, or internal paths. The term \\\"black-box\\\" signifies that the internal workings of the system are not visible to the tester. Instead, the focus is on the inputs and expected outputs of the system.\\n\\nThis type of testing assesses whether the system behaves as expected by providing inputs to the program and observing the outputs, relying purely on the requirements and functional specifications. It is often used to verify that the software meets user requirements and functions correctly at the surface level, without delving into how those functions are executed internally.\\n\\n**Beyond the summary (general knowledge):** Black-box testing is particularly useful for acceptance, system, and user interface testing because it allows testers to evaluate the system from an end-user\'s perspective.\", \"modelLabel\": \"ChatGPT\"}, {\"role\": \"user\", \"content\": \"What evidence supports the superior effectiveness of decision coverage?\"}, {\"role\": \"assistant\", \"content\": \"Decision coverage, or branch coverage, is regarded as more effective than statement coverage primarily because it extends the scope of testing beyond just executing statements to ensure that all possible branches in the decision-making parts of the code are exercised. This coverage type requires that every outcome of each decision point has been tested, making it more robust in identifying errors that occur due to conditional logic.\\n\\nIn contrast, statement coverage may simply ensure that each line of code is executed at least once, potentially missing faults associated with specific branches or paths that are not triggered during testing. Additionally, decision coverage is better suited for detecting errors related to control flow, as it explicitly examines how different paths in the program are handled, which is often where many logical errors reside (from your lecture materials).\\n\\nThis broader examination of program behavior under different conditions makes decision coverage a more effective approach for identifying potential faults that could lead to unexpected outcomes.\", \"modelLabel\": \"ChatGPT\"}, {\"role\": \"user\", \"content\": \"definition of statement coverage\"}, {\"role\": \"assistant\", \"content\": \"Statement coverage is a white-box testing metric that measures the percentage of executable code statements that have been exercised by a set of test cases. The goal is to ensure that all statements in the code are executed at least once during the testing process.\\n\\nThis metric is calculated by dividing the number of executed statements by the total number of executable statements in the program, then expressing this as a percentage. While statement coverage helps verify that code lines are not completely bypassed, it might not thoroughly test all paths or decision outcomes in the code, making it a relatively basic form of code coverage[1].\", \"modelLabel\": \"ChatGPT\"}, {\"role\": \"user\", \"content\": \"Referenced chat excerpts:\\n1. \\\"mulations: Integrate quizzes or simulations that require students to apply white-box principles in hypothetical scenari\\\"\\n\\nUser request: wwqwq\"}, {\"role\": \"assistant\", \"content\": \"It seems like there might have been an error or incomplete input with \\\"wwqwq.\\\" Could you please clarify what specific information or assistance you need regarding the excerpts or any other topic? This will help me provide a more accurate and helpful response.\", \"modelLabel\": \"ChatGPT\"}, {\"role\": \"user\", \"content\": \"find journals related to white-box\"}, {\"role\": \"assistant\", \"content\": \"Here are some journals and articles related to white-box testing that you might find useful:\\n\\n1. **Classifying generated white-box tests: an exploratory study** — This article explores how white-box tests are generated and classified, analyzing the code of the system under test and selecting relevant test inputs to capture observed behavior. Available on [SpringerLink](https://link.springer.com/article/10.1007/s11219-019-09446-5).\\n\\n2. **Further empirical studies of test effectiveness** — This paper reports on an empirical evaluation of the fault-detecting ability of white-box software testing techniques, specifically decision coverage and the all-uses data flow testing criterion. Found through [ACM Digital Library](https://doi.org/10.1145/288195.288298).\\n\\n3. **A Comparative Study of White Box, Black Box** — Published in the International Journal of Advanced Computer Science and Applications, it provides a comparative analysis of white-box, black-box, and grey-box testing techniques. Available at [IJACSA](https://thesai.org/Downloads/Volume3No6/Paper%203-A%20Comparative%20Study%20of%20White%20Box,%20Black%20Box%20and%20Grey%20Box%20Testing%20Techniques.pdf).\\n\\nThese sources offer insights into the methodologies, effectiveness, and comparative aspects of white-box testing within the broader context of software testing techniques.\\n\\n## References\\n- No verifiable web or journal sources were cited for this reply. Try rephrasing or check that reference search found results.\", \"modelLabel\": \"ChatGPT\"}, {\"role\": \"user\", \"content\": \"FIND articles that provides case study on this matter\"}, {\"role\": \"assistant\", \"content\": \"For articles that offer case studies on white-box testing, you can explore the following options which typically cover practical applications or analysis involving white-box methodologies:\\n\\n1. **Empirical Studies in White-Box Testing** — Look for studies that specifically focus on the application of white-box testing in software projects, detailing the outcomes and effectiveness of such techniques in practical environments. These often include real-life scenarios in commercial or open-source projects.\\n\\n2. **A Comparative Study of White-Box and Black-Box Testing on Open Source Projects** — Some articles will compare these testing methods by applying them to open source software, offering insight into specific advantages and challenges encountered during testing.\\n\\n3. **Software Testing Techniques** — Journals like IEEE Transactions on Software Engineering often publish detailed studies and case studies related to advanced software testing techniques, including white-box testing.\\n\\n4. **Case Study: Application of White-Box Techniques in High-Security Environments** — Articles discussing how white-box testing is applied in sensitive areas requiring intensive security audits, showcasing results and strategic implementation.\\n\\nFor access to such articles, databases like IEEE Xplore, ACM Digital Library, and SpringerLink are excellent starting points. They typically house a range of studies and papers on practical applications and detailed case studies regarding white-box testing in various industries.\\n\\n## References\\n_Search found these sources; the reply above did not cite them with [n] markers. Regenerate or ask to \\\"cite sources as [1], [2]\\\"._\\n- [1] [[PDF] Doing Case Study Research: A Practical Guide for Beginning ...](http://ndl.ethernet.edu.et/bitstream/123456789/72900/1/23PDF.pdf)\\n- [2] [A new criterion for assessing discriminant validity in variance-based structural equation modeling](https://doi.org/10.1007/s11747-014-0403-8)\\n- [3] [An Empirical Study on Correlations Between Deep Neural Network Fairness and Neuron Coverage Criteria](https://doi.org/10.1109/tse.2023.3349001)\\n- [4] [Analyze the Case Study for Chapter 5 on page 91 (docx) - CliffsNotes](https://www.cliffsnotes.com/study-notes/20083571)\\n- [5] [Case studies: a guide for researchers, educators, and implementers](https://pmc.ncbi.nlm.nih.gov/articles/PMC12458855)\\n- [6] [Chapter 5:Case Study Flashcards - Quizlet](https://quizlet.com/600836374/chapter-5case-study-flash-cards)\\n- [7] [Characterization of the resistome and antibiotic-resistant bacteria in top soil improvers and irrigation waters devoted to food production: a case study from Italy](https://doi.org/10.1007/s11356-025-36438-9)\\n- [8] [Effective Strategies for Completing Chapter 5 Case Study](https://www.coursesidekick.com/law/240204)\\n- [9] [Estimating daily evaporation from poorly-monitored lakes using limited meteorological data: A case study within Qaraoun dam - Lebanon.](https://doi.org/10.1016/j.jenvman.2018.07.032)\\n- [10] [Global burden of 87 risk factors in 204 countries and territories, 1990–2019: a systematic analysis for the Global Burden of Disease Study 2019](https://doi.org/10.1016/s0140-6736(20)30752-2)\", \"modelLabel\": \"ChatGPT\"}], \"sharedAt\": \"2026-06-04T12:12:20.853Z\", \"createdAt\": \"2026-05-15T16:09:56.734Z\", \"summarizeFor\": \"lecturer\", \"summaryOutput\": \"# White-Box Test Design Techniques\\n\\nIn this lecture, we delve into white-box testing, a testing methodology that involves evaluating a system based on its internal structures or workings. This approach, also known as structure-based testing, contrasts with black-box testing where the internal implementation is not considered[1]. \\n\\n## Concept and Value of White-Box Testing\\n\\nWhite-box testing derives its name from the idea of the \\\"box\\\" being open to scrutiny—the \\\"white\\\" part symbolizing transparency. The fundamental advantage of white-box techniques is their precise focus on specific paths in the control flow of the program, allowing testers to uncover very specific types of faults, especially those that traditional black-box methods might miss[1][3]. \\n\\n### Coverage Metrics\\n\\nWhite-box testing is largely informed by coverage metrics which quantify how thoroughly the software under test has been exercised. These metrics often serve as a direct codification of the test objectives. The primary coverage metrics addressed in the curriculum include:\\n\\n- **Statement Coverage:** This metric ensures that all executable paths in the code have been executed at least once. It is calculated as the ratio of executed statements to the total statements. Although important, it is relatively weak because it might miss pathways particularly connected to decision points or branches that are not exercised[1][3].\\n  \\n- **Decision Coverage (Branch Coverage):** This measurement extends beyond statement execution to include the evaluation of all logic branches. Each decision point in a program\'s flow is evaluated to ensure that each possible path emanating from the decision has been taken. Unlike statement coverage, decision coverage is more robust as it considers the outcomes of decision nodes[1][3].\\n\\n- **Path and Boundary Coverage:** While not as frequently deployed due to the exponential growth of potential test cases with code complexity, path coverage is theoretically superior, asserting that every possible execution path within a function or program is tested at least once[1].\\n\\n### Techniques and Tools\\n\\nSeveral techniques are built atop these coverage metrics:\\n\\n1. **Control Flow Testing:** This is a core concept wherein the focus lies on the control structure of the program. Test cases are derived from the control flow graph, which helps identify the sequence of executed statements[1].\\n\\n2. **Data Flow Testing:** It inspects program variables. By examining the definition and usage of variables (defs and uses), data flow tests seek to confirm that these variables behave as expected during execution[1].\\n\\n3. **Condition-Based Testing:** This involves ensuring that all conditions within decision/fork points are executed, useful for complex logical conditions or nested conditions[1].\\n\\n## Experience-Based Techniques\\n\\nA complementary suite of techniques involves \\\"exploiting\\\" then unknowns by leveraging tester experience, such as error guessing and exploratory testing. These are not guided by internal code structures but by informal yet insightful analysis of likely fault scenarios based on experience or intuition[1][3].\\n\\n### Challenges and Limitations\\n\\nWhile white-box testing is powerful, it is not without challenges[1]:\\n\\n- **Complexity in Generating Tests:** In complex systems, the sheer number of paths or conditions can make exhaustive testing infeasible.\\n\\n- **Presence of Dead Code:** Statement coverage might be misleading if significant portions of code are unreachable, necessitating static analysis for these \\\"dead\\\" segments[1][3].\\n\\n- **Time-Intensive Nature:** Due to its detailed nature focusing on execution paths, it can become a resource-intensive undertaking[1].\\n\\nIn conclusion, white-box testing affords deep insights into program execution, tailored to uncover intricate faults. However, it is best applied in concert with other testing methodologies to ensure comprehensive coverage.\\n\\n## References\\n\\n1. Chapter 5-White-Box.pdf\\n2. Bierig, R., Brown, S., Galván, E., & Timoney, J. (2021). Introduction to Software Testing. doi:10.1017/9781108974073.004\\n3. Nidhra, S. (2012). Black Box and White Box Testing Techniques - A Literature Review. doi:10.5121/ijesa.2012.2204\"}','2026-06-03 01:46:36.137','2026-06-04 12:12:20.859'),(3,4,7,'e03c4d63b92633056f4461154119a608706c95d9a88ce232',1,'{\"v\": 1, \"model\": \"chatgpt:gpt-4o\", \"title\": \"Lecture 2 Risk Management Framework\", \"messages\": [{\"role\": \"user\", \"content\": \"is there real life scenario on proving the importance of this framework?\"}, {\"role\": \"assistant\", \"content\": \"Real-life scenarios that demonstrate the importance of software security frameworks often involve cases where lack of proper security measures led to significant breaches, or conversely, where strong frameworks prevented such incidents.\\n\\n**Example: Equifax Data Breach (2017)**\\n- The Equifax data breach is a well-known incident where lack of adherence to robust software security practices resulted in sensitive data of approximately 147 million people being exposed. The breach occurred due to a failure to patch a known vulnerability in a timely manner. This underscores the importance of **Security Development Life Cycle (SDLC)** practices and **regular risk management assessments** that could have identified the patch as a critical security update to be applied promptly.\\n\\n**Example: LinkedIn**\\n- On the prevention side, companies like LinkedIn utilize frameworks similar to BSIMM to continuously assess and improve their security practices. By integrating a comprehensive **Risk Management Framework** and improving their software assurance practices, LinkedIn has been able to mitigate potential security vulnerabilities and protect user data more effectively.\\n\\n**Expanded Context (Beyond the Summary):**\\n- These scenarios highlight the key principles found in the lecture summary. Specifically, the Equifax breach illustrates why detecting vulnerabilities early (as Steve McConnell suggests) is crucial to saving time, costs, and preventing security incidents. Meanwhile, LinkedIn\'s proactive measures show how frameworks such as BSIMM help organizations maintain rigorous security standards and adapt to new threats by leveraging industry data and benchmarks. \\n\\nHaving real-world procedures in place for early detection and correction of software defects, as well as continued risk assessment, can lead to significant long-term savings and reduced risk of costly data breaches.\", \"modelLabel\": \"ChatGPT\"}, {\"role\": \"user\", \"content\": \"What are the benefits of using Software Assurance Lifecycle Models?\"}, {\"role\": \"assistant\", \"content\": \"According to the lecture summary, Software Assurance Lifecycle Models are designed to ensure that security is a foundational element of software development rather than an afterthought.\\n\\nThe primary benefits identified in your materials include:\\n\\n### 1. Cost and Time Efficiency\\nThe summary highlights insights from Steve McConnell regarding the **cost of correcting software defects**. \\n*   **Early Detection:** Finding and fixing vulnerabilities during the requirements or design phase is significantly cheaper than fixing them after the software has been released.\\n*   **Resource Management:** By integrating security early, organizations save the time and resources that would otherwise be spent on emergency patches and \\\"firefighting\\\" security breaches later.\\n\\n### 2. Integration \\\"From the Ground Up\\\"\\nInstead of treating security as a final \\\"bolt-on\\\" feature, these models ensure it is **integrated throughout the entire lifecycle**. This creates a more robust defense because security measures are tailored to the specific architecture and functionality of the software as it is being built.\\n\\n### 3. Risk Mitigation and Prevention\\n*   **Predictive Defense:** Using tools like **Attack Patterns** allows developers to understand how an attacker might exploit a system before the code is even finished.\\n*   **Continuous Security:** Practices like **Risk Management & Ongoing Assessment** ensure that security doesn\'t stop once the code is written; it continues throughout the software\'s life to guard against emerging threats.\\n\\n### 4. Continuous Process Improvement\\nFrameworks like **BSIMM** and **Maturity Models** allow organizations to:\\n*   **Benchmark performance:** Compare their security practices against real-world data from other organizations.\\n*   **Identify Gaps:** Clearly see which areas of their development process are weak and need more attention.\\n\\n***\\n\\n### Expanded Context (Beyond the summary)\\nWhile the summary focuses on cost and structure, these models also typically provide these additional benefits:\\n*   **Compliance and Regulation:** Many industries (like finance or healthcare) require proof of secure development practices. Lifecycle models provide the documentation (like the **Assurance Cases** mentioned in your summary) needed to meet legal standards.\\n*   **Developer Accountability:** By defining security tasks at every stage (Requirements, Design, Coding, Testing), these models clarify who is responsible for security at each step, reducing the chance that vulnerabilities are overlooked due to human error.\", \"modelLabel\": \"Gemini\"}, {\"role\": \"user\", \"content\": \"can you give an example of risk management framework in real life\"}, {\"role\": \"assistant\", \"content\": \"Certainly! A prominent example of a risk management framework in real life, particularly in the field of software security, is the **NIST Risk Management Framework (RMF)**. The National Institute of Standards and Technology (NIST) has developed this framework to assist organizations in managing and mitigating risks associated with information security.\\n\\n### Key Components of the NIST RMF:\\n\\n1. **Categorize Information Systems**\\n   - Identify and categorize information and systems based on the potential impact of a security breach (high, moderate, or low).\\n\\n2. **Select Security Controls**\\n   - Choose appropriate security controls (from NIST SP 800-53 and other sources) to protect the information systems based on the categorization.\\n\\n3. **Implement Security Controls**\\n   - Put the selected security controls in place and ensure they are effectively integrated into the information systems.\\n\\n4. **Assess Security Controls**\\n   - Evaluate the security controls to determine their effectiveness before full system deployment.\\n\\n5. **Authorize Information Systems**\\n   - An organizational official reviews the security assessment results and decides if the system operates at an acceptable risk level.\\n\\n6. **Monitor Security Controls**\\n   - Continuously track the security controls\' performance and make necessary adjustments to address emerging threats or changes in the environment.\\n\\n### Example: Federal Agencies\\n\\nFederal agencies in the United States are required to follow the NIST RMF when managing the risks associated with their information systems. This framework helps them:\\n- **Comply with Federal Regulations:** By providing a standardized approach to risk management, agencies can ensure compliance with federal requirements like FISMA (Federal Information Security Management Act).\\n- **Enhance Security Posture:** The RMF supports agencies in maintaining strong security defenses by systematically evaluating and addressing risks.\\n\\n### Expanded Context: Impact on Organizations\\n\\n**Beyond the summary (general knowledge):** Organizations that effectively implement the NIST RMF can achieve improved security outcomes by having a structured approach to risk identification and management, facilitating proactive threat mitigation, and promoting a culture of continuous improvement in security practices.\", \"modelLabel\": \"ChatGPT\"}, {\"role\": \"user\", \"content\": \"What are the key differences between assurance lifecycle and maturity models?\"}, {\"role\": \"assistant\", \"content\": \"The key differences between Software Assurance Lifecycle Models and Software Assurance Maturity Models center around their focus, purpose, and application in improving software security:\\n\\n### Focus\\n\\n- **Assurance Lifecycle Models**\\n  - **Integration into Development:** These models emphasize integrating security practices throughout the entire software development lifecycle. They focus on ensuring that security is considered at every stage, from initial design through deployment and maintenance.\\n  - **Specific Practices and Phases:** Lifecycle models define specific security activities and milestones for each phase of development, such as requirements gathering, design, coding, testing, and deployment.\\n\\n- **Maturity Models**\\n  - **Organizational Growth:** Maturity models assess and enhance an organization\'s security processes over time. They focus more on the organization\'s capability to integrate and improve security practices based on experience and evolving needs.\\n  - **Benchmarking and Improvement:** These models provide a way to measure current security practices against industry standards and identify areas for improvement.\\n\\n### Purpose\\n\\n- **Assurance Lifecycle Models**\\n  - **Security as a Foundation:** Aim to make security an intrinsic part of the software from the ground up, reducing vulnerabilities and risks associated with each development stage.\\n  - **Consistent Application:** Ensure that security considerations are consistently applied across all projects and development teams.\\n\\n- **Maturity Models**\\n  - **Self-Assessment:** Help organizations evaluate their current security posture and maturity level, providing a framework for ongoing improvement.\\n  - **Strategic Planning:** Offer guidance for evolving security practices based on maturity levels, promoting a long-term approach to risk management.\\n\\n### Application\\n\\n- **Assurance Lifecycle Models**\\n  - **Direct Application in Projects:** These models are typically applied directly to the software development process of specific projects to ensure security.\\n  - **Operational Focus:** Concentrate on the specific implementation of security measures within software projects.\\n\\n- **Maturity Models**\\n  - **Organizational Level Focus:** More concerned with the broader organizational practices and processes for ensuring security, rather than specific project details.\\n  - **Holistic Approach:** Encourage a comprehensive view of the organization\'s security capabilities, fostering continual improvement.\\n\\nThese differences highlight how lifecycle models are specific to development processes, while maturity models focus on organizational growth and the capability to improve security practices over time.\", \"modelLabel\": \"ChatGPT\"}, {\"role\": \"user\", \"content\": \"Referenced chat excerpts:\\n1. \\\"Assurance Lifecycle Models\\\"\\n\\nUser request: explain further\"}, {\"role\": \"assistant\", \"content\": \"**Software Assurance Lifecycle Models** are designed to integrate security considerations into every phase of the software development process. Their primary goal is to ensure that security is not just an end-point concern but a fundamental part of software development from the very beginning.\\n\\n### Expanded Context on Assurance Lifecycle Models\\n\\n1. **Phase-Specific Security Activities**\\n   - **Requirements Phase:** Security starts here by identifying potential threats and security requirements based on the software\'s intended use and the environments it will operate in. This phase may include creating security use cases or threat models to guide further development.\\n   \\n   - **Design Phase:** During design, security features and controls are planned. This might involve designing authentication protocols, access control mechanisms, and other security architecture elements. Architectural risk analysis is often conducted to find and address potential security issues before they are encoded.\\n   \\n   - **Implementation (Coding) Phase:** Security assurance at this stage involves using secure coding standards to prevent introducing vulnerabilities like SQL injection or buffer overflows. Regular secure code reviews can catch security-relevant bugs early.\\n   \\n   - **Testing Phase:** Security testing (e.g., penetration testing, static code analysis) ensures that security features work as intended and that the software is resistant to identified threats. Testing types mentioned in the summary, such as white box and black box testing, play a significant role in validating security.\\n\\n   - **Deployment and Maintenance Phase:** Security does not end at deployment; instead, ongoing monitoring and patching of software is crucial to respond to new vulnerabilities or attacks quickly. Risk management and continuous assessment are key practices here.\\n\\n2. **Role in Reducing Costs and Risks**\\n   - By embedding security actions and checks throughout each phase, lifecycle models help prevent costly fixes and disruptions after deployment. Detecting and mitigating risks early in the lifecycle reduces potential damage from security breaches.\\n\\n3. **Examples and Implementations**\\n   - An example of this approach is the **Security Development Life Cycle (SDLC)** mentioned in your summary, a methodology developed by companies like Microsoft to ensure software products are consistently developed with security integrated into every step.\\n\\nThese models are vital for systematically managing and mitigating security risks, ensuring that software is not only functional but also robust against potential security threats. This comprehensive integration helps organizations build trust with users by delivering relatively secure products from the outset.\", \"modelLabel\": \"ChatGPT\"}, {\"role\": \"user\", \"content\": \"Referenced chat excerpts:\\n1. \\\"Security Development Life Cycle\\\"\\n\\nUser request: explain\"}, {\"role\": \"assistant\", \"content\": \"The **Security Development Life Cycle (SDLC)** is a structured process that integrates security considerations and activities into each phase of software development. Its purpose is to ensure that security is a primary focus throughout the lifecycle, from design to deployment, and beyond. This approach helps in building more secure and robust software products.\\n\\n### Key Elements of Security Development Life Cycle (SDLC):\\n\\n1. **Planning and Requirements**\\n   - **Initial Security Requirements:** Identify and document potential security requirements that align with the business objectives and regulatory needs. This includes understanding what security features the software needs and establishing criteria for secure development.\\n\\n2. **Design**\\n   - **Threat Modeling:** A critical activity where potential threats are identified and addressed during the design phase. Threat modeling helps developers anticipate how and where an application may be attacked, and allows them to design defenses accordingly.\\n\\n3. **Implementation (Coding)**\\n   - **Secure Coding Practices:** Enforce coding standards that minimize vulnerabilities. Developers are trained and required to follow established guidelines that can help prevent common security issues like buffer overflows or injection attacks.\\n\\n4. **Validation (Testing)**\\n   - **Security Testing:** Includes techniques like penetration testing, static and dynamic code analysis, and vulnerability scanning to ensure that the implemented security measures are effective. This phase confirms that the software behaves securely under expected and unexpected conditions.\\n\\n5. **Release and Deployment**\\n   - **Security Checkpoints:** Conduct final security reviews before the software is released to production. This might include an assessment of the deployment environment and verification that no known vulnerabilities are neglected.\\n\\n6. **Maintenance**\\n   - **Monitoring and Patching:** Once deployed, continuous monitoring is essential for identifying new vulnerabilities or threats. It involves regular updates and patches to fix any discovered issues and maintain security over the software\'s lifespan.\\n\\n### Importance of SDLC in Security:\\n\\n- **Proactive Risk Management:** By integrating security practices from the beginning, SDLC helps in proactively managing security risks, reducing potential damage from security breaches.\\n- **Cost Efficiency:** Fixing security issues early in the lifecycle is generally more cost-effective than responding to security incidents post-deployment.\\n- **Boosts Trust and Compliance:** Secure software is essential for maintaining customer trust and meeting regulatory compliance, particularly in industries like healthcare and finance, with stringent security requirements.\\n\\nThe Security Development Life Cycle is a vital framework for organizations aiming to produce secure software. It transforms security from being a reactive measure to an integrated, preventive approach that safeguards both the software and its users.\", \"modelLabel\": \"ChatGPT\"}, {\"role\": \"user\", \"content\": \"How does the BSIMM framework aid in software security benchmarking?\"}, {\"role\": \"assistant\", \"content\": \"The **BSIMM (Building Security In Maturity Model)** framework aids in software security benchmarking by providing a data-driven, standardized way for organizations to measure and compare their software security initiatives against real-world industry practices.\\n\\n### How BSIMM Works for Benchmarking\\n\\nAccording to your summary, BSIMM achieves this through two primary features:\\n\\n**1. Real-world Data from 130+ Organizations**\\nUnlike theoretical models, BSIMM is built on observed practices from a large number of organizations (originally 130+). This means the benchmark is grounded in what companies *actually do* rather than what an ideal model suggests.\\n\\n**2. The Four Domains**\\nBSIMM organizes security practices into four domains:\\n- **Governance:** Strategy, policy, and compliance.\\n- **Intelligence:** Attack patterns, security features, and standards.\\n- **SSDL Touchpoints:** Activities like code review and testing integrated into the development lifecycle.\\n- **Deployment:** Software environment, configuration management, and vulnerability management.\\n\\n### Practical Benchmarking Applications\\n\\nYour summary lists two specific applications:\\n\\n**1. Comparing Against Industry Standards**\\nOrganizations can score their current security practices across the four domains and then compare that score against the aggregated data from the 130+ organizations. This tells them: *\\\"Are we above average, below average, or on par with similar organizations?\\\"*\\n\\n**2. Identifying Improvement Areas**\\nBy seeing which domains or specific practices they score low on (relative to the benchmark), organizations can prioritize where to invest resources. For example, if an organization scores well on Governance but poorly on Deployment, the benchmark clearly signals a need to improve software environment security.\\n\\n***\\n\\n### Expanded Context (Beyond the Summary)\\n\\n**How the Scoring Works:**\\nBSIMM does not assign a single \\\"maturity level\\\" (like Level 1 through 5). Instead, it measures the **breadth and depth** of adoption for 112 specific activities. An organization\'s \\\"score\\\" reflects how many of these activities are performed consistently.\\n\\n**Example of a Benchmarking Result:**\\n- If the BSIMM data shows that 80% of organizations perform \\\"Penetration Testing\\\" but only 30% perform \\\"Automated Vulnerability Scanning during Builds,\\\" a company that does the scanning is ahead of the curve.\\n- Conversely, if a company does *neither*, the benchmark tells them that Penetration Testing is a more common (and thus arguably more business-critical) first step to take.\\n\\n**Strategic Value:**\\nBSIMM helps organizations move from *\\\"We think we are doing well on security\\\"* to *\\\"We know we are doing well* **relative to our peers** *and here is the data to prove it.\\\"*\", \"modelLabel\": \"DeepSeek\"}, {\"role\": \"user\", \"content\": \"Attached documents (full extracted text is in the \\\"Attached Sources\\\" section of your context): Chapter 5-White-Box.pdf\\n\\ndoes the topic relevant to white box\"}, {\"role\": \"assistant\", \"content\": \"Yes, the topic is relevant to white-box testing, as indicated in the attached document \\\"Chapter 5-White-Box.pdf.\\\" White-box testing, also known as structure-based or glass-box testing, involves examining the internal logic and structure of the code to design test cases.\\n\\n### Key Concepts from the Document:\\n\\n1. **White-Box Test Design Techniques:**\\n - The document outlines specific techniques used in white-box testing, such as statement coverage, decision coverage, and path coverage. These techniques ensure that different parts of the code are executed and tested for potential bugs or vulnerabilities.\\n\\n2. **Structure-Based Testing:**\\n - White-box testing explicitly focuses on tests derived from the structure of the software. This includes control flow-based testing, data flow-based testing, and condition-based testing, all of which are mentioned in your document.\\n\\n3. **Coverage Metrics:**\\n - Coverage criteria like statement coverage (ensuring that all code statements are executed at least once), decision coverage, and others are fundamental to white-box testing. These metrics help evaluate the thoroughness of the tests conducted.\\n\\n4. **Application in Risk Management:**\\n - The document\'s emphasis on evaluating the internal code aligns with the risk management framework\'s goal of identifying and mitigating risks early in the development process. By understanding and covering the internal logic, potential risks associated with code errors can be minimized.\\n\\nOverall, the attached document provides detailed insights into the methodologies and objectives of white-box testing, making it a relevant and integral component of the software security framework and risk management strategies outlined in your lecture summary.\\n\\n## References\\n- No articles with accessible links were found for this search.\", \"modelLabel\": \"ChatGPT\"}], \"sharedAt\": \"2026-06-06T12:50:29.359Z\", \"createdAt\": \"2026-04-15T10:49:43.921Z\", \"summarizeFor\": \"student\", \"summaryOutput\": \"# Software Security Engineering: Risk Management Framework\\n\\n## Introduction to Software Assurance Practices\\n\\nThis section focuses on methods to ensure software is developed with security in mind from the ground up. Two important models are mentioned:\\n\\n- **Software Assurance Lifecycle Models**: These models guide the development process, integrating security throughout the lifecycle.\\n- **Software Assurance Maturity Models**: These frameworks help organizations assess and improve their processes over time, building on experience to enhance security measures.\\n\\n## Understanding the Cost of Correcting Software Defects\\n\\nSoftware defects can be costly to fix, especially when discovered late in the development process. Steve McConnell highlights that correcting defects early saves time and resources. \\n\\n### Why It Matters:\\n- Early detection and correction can prevent security vulnerabilities.\\n- It reduces the overall cost and time needed for software development.\\n\\n## Example Security Practices\\n\\n### Key Practices\\nSeveral security practices are essential in protecting software:\\n\\n- **Enterprise Software Security Framework**: A comprehensive approach to manage and mitigate risks at an organizational level.\\n- **Security Development Life Cycle (SDLC)**: Integrates security measures at every development stage.\\n- **Risk Management & Ongoing Assessment**: Regular evaluation of potential risks ensures continued security throughout the software lifecycle.\\n\\n#### Examples:\\n- **Attack Patterns**: These are structured ways to understand how an attacker might exploit a system. Knowing these helps in predicting and preventing attacks.\\n- **Assurance Cases**: These are like legal cases that argue a system\'s security based on evidence, ensuring no common vulnerabilities remain.\\n\\n### Architecture and Design\\nArchitectural risk analysis involves evaluating the design of security features (e.g., firewalls, IDS) to detect weaknesses before they are exploited.\\n\\n## Secure Development Practices\\n\\n### Code and Testing\\n\\n- **Secure Code Reviews**: Regularly inspecting code for vulnerabilities and ensuring it adheres to secure coding standards.\\n- **Testing Types**:\\n  - **White Box Testing**: Thoroughly examines the internal workings of the application.\\n  - **Black Box Testing**: Focuses on the external behavior of the application without insight into its internals.\\n  - **Penetration Testing**: Simulates attacks on the software to identify security gaps.\\n\\n## Assurance Models and Frameworks\\n\\n### BSIMM: Building Security In Maturity Model\\n\\nBSIMM is a framework for measuring and improving software security initiatives:\\n\\n- **Real-world Data**: Uses data from 130+ organizations to establish security benchmarks.\\n- **Four Domains**: These include practices ranging from secure code reviews to strategic planning.\\n\\n#### Applications:\\n- Allows organizations to compare their security practices against industry standards.\\n- Highlights areas where improvement is needed.\\n\\n## Product Security and Risk Management\\n\\nThis approach provides a standardized way for organizations to manage security risks across the supply chain. It includes:\\n\\n- **Gap Assessment**: Identifies deficits in security practices and suggests improvements.\\n- **Security Certifications**: Ensures products meet specific security standards before deployment.\\n\\n## Additional Resources\\n\\nFor more information on secure coding and vulnerability classification, explore:\\n\\n- **CVE Database**: A list of known vulnerabilities.\\n- **CERT Secure Coding Initiative**: Guidelines on secure coding practices.\\n- **OWASP**: A project providing resources for web application security.\\n\\nThese resources offer guidelines and support for developing secure software, enhancing understanding and implementation of best practices.\\n\\n### Conclusion\\n\\nUnderstanding and implementing these frameworks and practices are crucial for developing secure software. They help you foresee potential risks, implement strong security measures, and continuously improve processes to guard against emerging threats.\"}','2026-06-03 10:37:48.832','2026-06-06 12:50:29.363'),(4,4,9,'8e392edf782c13238e0a6858328c06dca49a95f5ea59aba2',1,'{\"v\": 1, \"model\": \"chatgpt:gpt-4o-mini\", \"title\": \"AI Presentation & Slides Generation API & MCP Server _ 2Slides\", \"messages\": [{\"role\": \"user\", \"content\": \"Find relevant articles on this topic\"}, {\"role\": \"assistant\", \"content\": \"Here are some relevant articles related to the topic of presentation generation and similar technologies:\\n\\n- [iPoster: Interactive Poster Generation based on Topic Structure and Slide Presentation](https://www.jstage.jst.go.jp/article/tjsai/30/1/30_30_112/_pdf) — Yuanyuan Wang, Yukiko Kawai, K. Sumiya (2015)\\n \\nThis article discusses a system for generating interactive posters that are structured based on topics, which may provide insights into automated presentation techniques.\\n\\nIf you need further information or specific aspects covered in related academic literature, please let me know!\\n\\n## References\\n- [iPoster: Interactive Poster Generation based on Topic Structure and Slide Presentation](https://www.jstage.jst.go.jp/article/tjsai/30/1/30_30_112/_pdf) — Yuanyuan Wang, Yukiko Kawai, K. Sumiya (2015)\", \"modelLabel\": \"ChatGPT\"}], \"sharedAt\": \"2026-06-04T03:13:21.176Z\", \"createdAt\": \"2026-05-01T07:02:10.087Z\", \"summarizeFor\": \"lecturer\", \"summaryOutput\": \"# AI Presentation & Slides Generation API & MCP Server - Summary\\n\\n## Overview\\n\\nThe \\\"AI Presentation & Slides Generation API & MCP Server\\\" is a service provided by 2Slides that focuses on automating the slide creation process for presentations. It enables developers and organizations to integrate powerful AI-driven slide generation capabilities into their applications and workflows, significantly improving efficiency and creativity in presentation design.\\n\\n## Key Features\\n\\n### API Accessibility\\n- **RESTful Design**: The API follows REST principles, allowing for seamless integration with various applications. Developers can easily call endpoints to generate slides, manage presentations, and retrieve resources.\\n- **API Key Management**: The platform includes functionality for creating, managing, and securing API keys, ensuring that endpoint access is securely controlled.\\n\\n### Slides Generation\\n- **AI Integration**: Utilizing advanced artificial intelligence, the service generates presentations based on user-defined parameters, such as topic, style, and content type.\\n- **Multiple Formats**: The API supports various output formats, including PowerPoint (PPTX), facilitating ease of use and broad compatibility with existing tools for presentation creation.\\n\\n### User Interface and User Experience\\n- **Responsive Design**: The interface is designed to be mobile-friendly and accessible across different devices, thereby enhancing the user experience.\\n- **Visual Assets**: The API allows users to preload and incorporate a variety of visual assets and branding elements into generated slides.\\n\\n## Technical Depth\\n\\n### Methods and Endpoints\\n- The API provides a structured set of endpoints for functionalities such as:\\n  - Creating new presentations\\n  - Adding slides with specific layouts and content\\n  - Retrieving and updating existing presentations\\n  - Deleting slides or entire presentations\\n  \\n### Assumptions\\n- **User Input Quality**: The performance of the AI in generating presentations is contingent on the quality and specificity of the user input. A well-defined topic and structured prompts yield better results.\\n- **Network Dependency**: Given that the service is API-based, a stable internet connection is assumed for its operation.\\n\\n## Limitations\\n\\n### AI Constraints\\n- **Context Understanding**: While the AI can generate content based on inputs, it may lack deep contextual understanding, potentially leading to irrelevant or nonsensical slide generation.\\n- **Customization**: Users seeking highly specific designs or intricate custom features might find limitations in templated outputs or predefined styles.\\n\\n### Security Considerations\\n- API access must be carefully managed to prevent unauthorized usage. The reliance on API keys necessitates robust security measures to mitigate risks associated with API exploitation.\\n\\n## Implications\\n\\nThe introduction of AI-powered slide generation can transform how individuals and organizations create and utilize presentations. By automating mundane aspects of design, users can focus their attention on more substantive content development. The accessibility of such technology can democratize presentation creation, allowing even those with little design expertise to produce visually appealing and effective slides.\\n\\n## Conclusion\\n\\nThe 2Slides API represents a significant advancement in the field of presentation technology, marrying AI capabilities with practical API accessibility. While it offers numerous benefits, considerations around user input quality and AI limitations must be taken into account to maximize its effectiveness in generating meaningful presentations. As the API evolves, ongoing enhancements to AI understanding and user customization options will be key to its adoption and success in diverse applications.\"}','2026-06-04 03:13:06.288','2026-06-04 03:13:21.182'),(5,13,17,'06bfc527297f72dafbb3b9d8b120198ed32cea981d954e12',1,'{\"v\": 1, \"model\": \"chatgpt:gpt-4o-mini\", \"title\": \"Lecture 4_Change Control  Release Management_Updated Nov25\", \"messages\": [{\"role\": \"user\", \"content\": \"Referenced chat excerpts:\\n1. \\\"Blue-Green Deployment\\\"\\n\\nUser request: what is this\"}, {\"role\": \"assistant\", \"content\": \"**Blue-Green Deployment** is a modern release management strategy designed to minimize downtime and reduce risks associated with deploying new software versions. Here’s how it works:\\n\\n### Concept\\n\\nIn a Blue-Green Deployment setup, you maintain two identical environments (traditionally named Blue and Green):\\n\\n- **Blue Environment**: This is the production environment currently serving all user traffic.\\n- **Green Environment**: This is the identical environment where the new version of the application is deployed.\\n\\n### Process\\n\\n1. **Deployment**:\\n   - The new version of the application is deployed to the Green environment while the Blue environment remains live and unaffected.\\n  \\n2. **Testing**:\\n   - Once the application is live in Green, thorough testing is conducted in this environment to ensure everything functions as expected.\\n\\n3. **Switching**:\\n   - After validation, traffic is switched from the Blue environment to the Green environment, making the new version live for all users.\\n  \\n4. **Rollback**:\\n   - If any issues arise after switching, it\'s straightforward to roll back to the Blue environment with minimal downtime, as it still contains the previous, stable version of the application.\\n\\n### Benefits\\n\\n- **Reduced Downtime**: Since the new version is tested in the Green environment before it goes live, the transition can happen quickly with little to no downtime.\\n- **Quick Rollback**: In case of any issues, reverting to the previous version is simple and fast, ensuring user experience is minimally affected.\\n- **Risk Mitigation**: Deploying updates gradually to a production environment reduces the risk of large, disruptive changes.\\n\\nThis deployment method is particularly useful in environments where continuity and reliability are critical, allowing organizations to release new features and fixes with confidence.\", \"modelLabel\": \"ChatGPT\"}], \"sharedAt\": \"2026-06-04T06:11:29.689Z\", \"createdAt\": \"2026-06-03T04:30:05.119Z\", \"summarizeFor\": \"student\", \"summaryOutput\": \"# Executive Summary\\n\\n1. **Change Control Importance**: Establishing formal change control is essential to maintain stability and accountability in software modifications.\\n   \\n2. **Baseline Concept**: A baseline is an approved snapshot of software configurations; changes must follow a formal process to protect it.\\n\\n3. **Change Control Objectives**: The goals include preventing uncontrolled changes, ensuring traceability, evaluating risks, maintaining compliance, and balancing development speed with production stability.\\n\\n4. **Change Control Process**: Composed of five steps: submission, evaluation, approval, implementation, and verification.\\n\\n5. **Change Classification**: Changes are classified into Standard, Normal, and Emergency categories to determine their approval process.\\n\\n6. **Classical vs. Agile Models**: Classical model uses a Change Control Board (CCB) while Agile allows for faster, decentralized changes led by a Product Owner.\\n\\n7. **Traceability**: Maintaining a \\\"Golden Thread\\\" connects requests, approvals, testing, and deployments to ensure transparency and accountability.\\n\\n8. **Release Management Definition**: A set of processes and practices to deliver approved changes to users while minimizing risk and downtime.\\n\\n9. **Big Bang Issues**: Traditional methods of releasing software often lead to significant problems, like system crashes, due to large, complex updates.\\n\\n10. **Progressive Delivery Strategies**: Approaches like Blue-Green Deployments and Canary Releases help in deploying changes safely and efficiently, allowing for easy rollback if necessary.\\n\\n---\\n\\n# Detailed Explanation\\n\\n## 1. Why Change Control is Needed\\nChange control is crucial in software development for various reasons. It prevents instability that could arise from uncontrolled changes, helps maintain a record of who made what changes (traceability), and ensures accountability, especially if a change causes issues. For example, regulations in industries like banking require detailed audit trails for compliance.\\n\\n## 2. Understanding the Baseline\\nA baseline is essentially the \\\"official version\\\" of your software at a given time, like the “v1.0 Production Baseline.” It includes everything currently running in production, such as the code and configurations. Changes to this baseline require a formal process to ensure that the software remains stable.\\n\\n## 3. Change Control Objectives\\nThe main goals of change control include:\\n- **Preventing chaos** from uncontrolled changes.\\n- **Providing traceability** to understand what changes were made and when.\\n- **Ensuring accountability** in case changes cause problems.\\n- **Staying compliant** with industry regulations where relevant.\\n\\n## 4. Overview of the Change Control Process\\nThe change control process usually follows a five-step framework:\\n1. **Change Request**: A stakeholder submits a formal request for a change.\\n2. **Evaluation and Impact Analysis**: The proposed change undergoes a risk assessment.\\n3. **Approval/ Rejection**: A designated authority decides on the change.\\n4. **Implementation**: The approved change is developed and tested.\\n5. **Verification & Closure**: The change is verified, ensuring it aligns with the request.\\n\\n## 5. Classifying Changes\\nNot all changes are equal:\\n- **Standard Changes**: Routine modifications that are pre-approved.\\n- **Normal Changes**: The standard procedure requiring the full process.\\n- **Emergency Changes**: Critical fixes that require quick action, often bypassing some standard processes.\\n\\n## 6. Classical vs. Agile Change Control Models\\nThe classical model employs a Change Control Board (CCB) for formal decision-making, suited for highly regulated environments. In contrast, Agile practices enable a more flexible and rapid response, where a Product Owner drives decisions and updates.\\n\\n## 7. Importance of Traceability\\nTraceability ensures you can demonstrate a clear path of how a change was managed. This \\\"Golden Thread\\\" enables easy auditing by linking everything from the initial change request to the final deployment, showing that the process was followed correctly.\\n\\n## 8. Defining Release Management\\nRelease management involves strategies to safely deploy changes to users. It focuses on delivering updates with minimal risk and downtime, unlike change control, which only approves changes.\\n\\n## 9. Risks of “Big Bang” Releases\\nHistorically, developers would merge many changes at once, leading to massive releases with high risk of failure. For instance, the 2013 Healthcare.gov launch faced significant issues due to this approach, highlighting the need for better strategies.\\n\\n## 10. Progressive Delivery Strategies\\nModern methods emphasize deploying changes gradually to reduce risk:\\n- **Blue-Green Deployment**: Maintains two identical environments, enabling a quick switch back if issues occur.\\n- **Canary Releases**: Introduces changes to a small user group first, minimizing the risk to the larger user base by testing the waters before a full rollout. \\n\\nBy understanding these concepts, students can appreciate the essential practices that uphold software quality and reliability in today’s fast-paced development environments.\"}','2026-06-04 06:11:29.691','2026-06-04 06:11:29.691'),(6,4,5,'411a556fb6db22ad4edec55b1688c33316adc215b0c61023',1,'{\"v\": 1, \"model\": \"chatgpt:gpt-4o\", \"title\": \"LU8- Funding and Financing New Ventures\", \"messages\": [{\"role\": \"user\", \"content\": \"can you summarize this as well (forlecturers)\"}, {\"role\": \"assistant\", \"content\": \"Based on the attached PowerPoint file \\\"Lecture 6 - Software Maintenance Taxonomy.pptx\\\", here is a summary suitable for lecturers.\\n\\n---\\n\\n### **Lecture Summary: Software Maintenance Taxonomy**\\n\\nThis lecture provides a structured framework for classifying and understanding software maintenance activities, moving beyond a simple \\\"fixing bugs\\\" definition.\\n\\n#### **Core Objective**\\nTo equip students with a multi-perspective model for categorizing maintenance work, enabling them to identify the *why*, *what*, and *evidence* behind any maintenance task. This structured approach aids in planning, managing, and executing maintenance effectively.\\n\\n#### **Key Classification Frameworks**\\n\\nThe lecture presents three complementary perspectives for classifying maintenance activities:\\n\\n**1. Intention-Based Classification (The \\\"Why\\\")**\\nThis perspective clarifies the fundamental objective behind the maintenance work.\\n*   **Corrective:** To fix failures and errors in the software.\\n*   **Adaptive:** To modify the software so it can operate in a changed environment (e.g., new OS, database).\\n*   **Perfective:** To improve the software\'s attributes (user experience, efficiency, maintainability).\\n*   **Preventive:** To proactively modify the software to prevent future problems.\\n\\n**2. Activity-Based Classification (The \\\"What\\\")**\\nThis perspective organizes maintenance by the specific tasks performed, facilitating workflow management.\\n*   Common activities include: **Bug Fixing, Enhancement, Migration, Configuration Management, and Performance Tuning.**\\n\\n**3. Evidence-Based Classification (The \\\"Trigger\\\")**\\nThis data-driven perspective classifies activities based on the observable evidence that necessitates the change. It uses a detailed taxonomy of 12 activity types grouped into 4 clusters:\\n*   **Support Interface Cluster:** Training, consultive, and evaluative activities.\\n*   **Documentation Cluster:** Reformative and updative activities.\\n*   **Software Properties Cluster:** Groomative, preventive, performance, and adaptive activities.\\n*   **Business Rules Cluster:** Reductive, corrective, and enhancive activities.\\n*   A **decision tree** is provided to help practitioners systematically identify the correct activity type based on the evidence of what was changed in the software.\\n\\n#### **Integrating the Frameworks: A Practical Process**\\nThe lecture illustrates how these perspectives work together in a maintenance workflow:\\n1.  **Evidence** (e.g., user complaint, error log) triggers a Change Request.\\n2.  Determine the **Intention** (Corrective, Adaptive, etc.).\\n3.  Choose the specific **Activities** (Bug Fixing, Performance Tuning, etc.) to fulfill that intention.\\n4.  **Execute** the maintenance.\\n\\n#### **The Standard Maintenance Process (ISO/IEC/IEEE 14764)**\\nThe lecture outlines the formal stages of the maintenance lifecycle:\\n*   **Prepare for Maintenance:** Planning and resource setup.\\n*   **Perform Maintenance:** Implementing changes (corrective, adaptive, etc.) and testing.\\n*   **Perform Logistic Support:** Deployment, training, and coordination.\\n*   **Manage Results:** Documentation, evaluation, and process improvement.\\n\\n#### **Teaching Points & Discussion Topics**\\n*   **Emphasize the \\\"Why\\\":** Stress that understanding the *intention* (e.g., adaptive vs. perfective) is crucial for prioritizing work and managing stakeholder expectations.\\n*   **Apply the Decision Tree:** Use the evidence-based classification and its decision tree for case study exercises. Have students analyze a scenario (e.g., \\\"porting an app to a new OS\\\" or \\\"optimizing a slow database query\\\") and walk through the classification steps.\\n*   **Connect Theory to Process:** Link the classification types to the stages of the ISO standard process. Ask: \\\"What type of evidence would lead to a \'Prepare for Maintenance\' phase focused on *Preventive* intention?\\\"\\n*   **Highlight Ambiguity:** Note that real-world maintenance can be ambiguous. The lecture states that the **default classification is \\\"evaluative\\\"** when evidence is unclear, which is a valuable practical insight.\\n\\nThis taxonomy provides students with a robust vocabulary and logical framework to analyze, discuss, and manage the complex, ongoing work of software maintenance.\", \"modelLabel\": \"DeepSeek\"}, {\"role\": \"user\", \"content\": \"is there any examples of crowdfunding in Malaysia?\"}, {\"role\": \"assistant\", \"content\": \"Yes, the summary provides examples of crowdfunding in Malaysia, highlighting that the country has been a pioneer in creating legislation to support equity-based crowdfunding in the ASEAN region. \\n\\n### Key Players in Malaysian Crowdfunding\\n- **pitchIN:** A popular crowdfunding platform operating within Malaysia, regulated by the Securities Commission, it facilitates equity crowdfunding for start-ups and businesses.\\n- **Ata Plus:** Another notable platform that provides a regulated environment for entrepreneurs to raise capital through the crowd.\\n\\nThese platforms represent Malaysia’s proactive stance in encouraging innovative funding methods and fostering a supportive ecosystem for new ventures[1].\\n\\n### Legal Environment\\n- Malaysia’s legislative framework for crowdfunding ensures a regulated space, making it feasible and secure for entrepreneurs to use this method to access capital[1].\\n\\nThis information is derived from the document summary provided.\\n\\n[1] Document Summary\\n\\n## References\\n- No verifiable source references were produced for this response.\", \"modelLabel\": \"ChatGPT\"}, {\"role\": \"user\", \"content\": \"is there any examples of crowdfunding in Malaysia?\"}, {\"role\": \"assistant\", \"content\": \"Yes, according to the summary, Malaysia has notable examples of crowdfunding platforms that are operational in its ecosystem:\\n\\n### Key Players in Malaysian Crowdfunding\\n- **pitchIN:** This platform is one of the key operators in Malaysia, offering a regulated environment for equity crowdfunding.\\n- **Ata Plus:** Another significant player, providing a platform for entrepreneurs to raise funds through equity crowdfunding.\\n\\nThese platforms are part of Malaysia’s innovative approach to start-up funding, supported by pioneering legislation that regulates equity-based crowdfunding activities[1].\\n\\n## References\\n1. Document Summary\", \"modelLabel\": \"ChatGPT\"}, {\"role\": \"user\", \"content\": \"is there any examples of crowdfunding in Malaysia?\"}, {\"role\": \"assistant\", \"content\": \"Yes, there are several examples of crowdfunding platforms operating in Malaysia:\\n\\n1. **pitchIN**: This is a prominent equity crowdfunding platform that is regulated by the Securities Commission Malaysia. It allows start-ups to raise capital from a large number of investors.\\n   \\n2. **Ata Plus**: Another significant equity crowdfunding platform, Ata Plus is also regulated by the Securities Commission Malaysia and supports a variety of projects and start-ups in raising funds.\\n\\nThese platforms illustrate Malaysia\'s developed framework for crowdfunding, supported by legislation aimed at enhancing capital markets through innovative funding mechanisms[1][2].\\n\\n## References\\n1. [Overview of Crowdfunding in Malaysia](https://lenderkit.com/blog/overview-of-crowdfunding-in-malaysia/)\\n2. [List of the best crowdfunding platforms in Malaysia | CrowdSpace](https://thecrowdspace.com/directory/crowdfunding-platforms-in-malaysia/)\", \"modelLabel\": \"ChatGPT\"}, {\"role\": \"user\", \"content\": \"can you find other samples other than the ones in summary?\"}, {\"role\": \"assistant\", \"content\": \"To provide additional examples of crowdfunding platforms in Malaysia beyond pitchIN and Ata Plus, I need to consult external sources. My previous responses were limited to the provided summary, which explicitly named only those two.\\n\\nLet\'s look for more.\\n\\nThere are indeed other crowdfunding platforms active in Malaysia. While pitchIN and Ata Plus are prominent equity crowdfunding platforms, other models of crowdfunding also exist.\\n\\n### Additional Examples of Crowdfunding Platforms in Malaysia:\\n\\nBeyond pitchIN and Ata Plus, other platforms cater to different crowdfunding models:\\n\\n*   **FundMyHome**: This platform focuses on property crowdfunding, allowing multiple investors to collectively purchase a property. This differs from equity crowdfunding as investors own a share of the property itself, rather than equity in a business [1].\\n*   **MicroLEAP**: This is a peer-to-peer (P2P) financing platform that focuses on Islamic financing. It allows individuals and businesses to raise funds from lenders who adhere to Shariah principles. While it facilitates funding, it operates on a lending model rather than equity investment [2].\\n*   **Ethis Ventures**: This platform focuses on ethical and Islamic crowdfunding, supporting shariah-compliant projects and businesses, primarily in real estate and social impact sectors [3].\\n\\nThese examples showcase the diversity of crowdfunding models, including property crowdfunding and P2P lending, expanding beyond traditional equity crowdfunding platforms like pitchIN and Ata Plus, while still being active in the Malaysian market.\\n\\n## References\\n1.  [FundMyHome - Property Crowdfunding](https://www.fundmyhome.com/)\\n2.  [MicroLEAP - Islamic P2P Financing](https://www.microleap.com.my/)\\n3.  [Ethis Ventures - Islamic Crowdfunding for Impact](https://ethis.co/)\", \"modelLabel\": \"Gemini\"}, {\"role\": \"user\", \"content\": \"can you read this file and compare the notes from previous ones.\"}, {\"role\": \"assistant\", \"content\": \"I\'m unable to read files directly at the moment, but if you upload the screenshot or share specific content from it, I\'d be glad to help analyze or compare it with the previous notes on crowdfunding in Malaysia. Let me know how you\'d like to proceed!\", \"modelLabel\": \"ChatGPT\"}], \"sharedAt\": \"2026-06-04T07:20:49.324Z\", \"createdAt\": \"2026-04-08T00:08:49.144Z\", \"summarizeFor\": \"lecturer\", \"summaryOutput\": \"Here is a detailed summary of the document \\\"LU8- Funding and Financing New Ventures\\\":\\n\\n---\\n\\n# Funding and Financing New Ventures\\n\\n## Introduction\\n\\nThis learning unit aims to provide a comprehensive exploration into the world of start-ups, focusing predominantly on funding and financing methods. The objectives include defining what constitutes a start-up, differentiating between debt and equity financing, exploring how start-ups typically secure financing, and identifying the essential factors conducive to successful venture funding.\\n\\n---\\n\\n## Understanding Start-ups\\n\\n### Definition\\n\\nA start-up is an organization in its nascent stage, transitioning from an idea to executing operations, often with a focus on developing a scalable and repeatable business model (Steve Blank, technology entrepreneur).\\n\\n### Historical Context\\n\\nIn the late 1990s, many start-ups were \\\"dotcoms\\\" or online businesses capitalizing on internet commerce.\\n\\n### Types of Start-ups\\n\\nStart-ups span diverse sectors, from high-growth tech-oriented companies to non-technology endeavors, typically characterized by limited operating histories and engaging in market research and development.\\n\\n### Capital Search\\n\\nThe primary query for entrepreneurs is finding suitable start-up capital, which can come from various sources ranging from personal funds to complex financial mechanisms.\\n\\n---\\n\\n## Sources of Capital\\n\\n### Primary Sources\\n\\n- **Owner’s Money:** Entrepreneurs often use personal savings or credit to fuel the business, signifying commitment to potential investors.\\n  \\n- **Family and Friends:** Informal investments from social circles indicate trust but come with a high personal risk.\\n\\n### Institutional Sources\\n\\n- **Angel Investors:** Wealthy individuals interested in early-stage companies. They offer smaller, localized investments in exchange for equity but provide limited continual funding and access.\\n\\n- **Seed Capital:** Represents high-risk, early-stage investment for foundational activities like market and product research. \\n\\n- **Venture Capital:** Firms that provide not just funds but also offer market insights, managerial support, and strategic guidance to help start-ups grow.\\n\\n### Bank and Financial Institution Financing\\n\\n- **Debt Financing:** Banks offer loans characterized by interest repayments over varying terms. These encompass long-term (property or equipment), medium-term (hire purchase/loans), and short-term (working capital) financing.\\n\\n---\\n\\n## Debt vs. Equity Financing\\n\\n### Debt Financing\\n\\n- **Description:** Borrowing funds with an obligation to repay with interest without yielding business ownership.\\n\\n- **Pros:** Maintains full ownership, potentially higher returns on equity due to leverage.\\n\\n- **Cons:** Regular interest payments can strain cash flow and hinder business growth.\\n\\n### Equity Financing\\n\\n- **Description:** Entails selling part of the business to raise funds, indicating shared ownership and profit distribution.\\n\\n- **Pros:** Safer due to no repayment obligations but requires giving up some ownership.\\n\\n- **Common Sources:** Public stock offerings (IPO) and private placements (selling securities privately).\\n\\n---\\n\\n## Crowdfunding\\n\\n### Overview\\n\\nCrowdfunding utilizes online platforms to raise small capital amounts from numerous people – a contemporary method adaptive to new-time entrepreneurs.\\n\\n### Risks\\n\\nIncludes potential funding failure, business plan disclosure, lack of advisory relationships, tax implications, and regulatory uncertainties.\\n\\n### Prominent Platforms\\n\\nNotable platforms are Kickstarter, GoFundMe, and Indiegogo, each offering distinct funding models and audience reach.\\n\\n---\\n\\n## Special Focus: Crowdfunding in Malaysia\\n\\n### Legal Environment\\n\\nMalaysia pioneered crowdfunding legislation in the ASEAN region by passing laws encouraging equity-based crowdfunding, ensuring a regulated platform for entrepreneurs to raise capital effectively.\\n\\n### Key Players\\n\\nVarious operators like pitchIN and Ata Plus offer platforms regulated by Malaysia\'s Securities Commission, fostering an innovative space for start-up funding.\\n\\n---\\n\\n## Conclusion\\n\\nFinancing a new venture is a multifaceted endeavor requiring careful consideration of financial structures and participant incentives. Understanding the diverse funding mechanisms and strategically selecting appropriate ones is vital for entrepreneurs to translate their start-up ideas into successful businesses.\"}','2026-06-04 07:20:49.326','2026-06-04 07:20:49.326');
/*!40000 ALTER TABLE `ChatShare` ENABLE KEYS */;
UNLOCK TABLES;

--
-- Table structure for table `ChatThread`
--

DROP TABLE IF EXISTS `ChatThread`;
/*!40101 SET @saved_cs_client     = @@character_set_client */;
/*!50503 SET character_set_client = utf8mb4 */;
CREATE TABLE `ChatThread` (
  `id` int NOT NULL AUTO_INCREMENT,
  `userId` int NOT NULL,
  `summaryId` int NOT NULL,
  `createdAt` datetime(3) NOT NULL DEFAULT CURRENT_TIMESTAMP(3),
  `updatedAt` datetime(3) NOT NULL,
  PRIMARY KEY (`id`),
  UNIQUE KEY `ChatThread_userId_summaryId_key` (`userId`,`summaryId`),
  KEY `ChatThread_summaryId_idx` (`summaryId`),
  CONSTRAINT `ChatThread_summaryId_fkey` FOREIGN KEY (`summaryId`) REFERENCES `Summary` (`id`) ON DELETE CASCADE ON UPDATE CASCADE,
  CONSTRAINT `ChatThread_userId_fkey` FOREIGN KEY (`userId`) REFERENCES `User` (`id`) ON DELETE CASCADE ON UPDATE CASCADE
) ENGINE=InnoDB AUTO_INCREMENT=24 DEFAULT CHARSET=utf8mb4 COLLATE=utf8mb4_unicode_ci;
/*!40101 SET character_set_client = @saved_cs_client */;

--
-- Dumping data for table `ChatThread`
--

LOCK TABLES `ChatThread` WRITE;
/*!40000 ALTER TABLE `ChatThread` DISABLE KEYS */;
INSERT INTO `ChatThread` VALUES (1,4,2,'2026-03-31 04:45:34.000','2026-04-30 01:42:47.000'),(3,4,5,'2026-04-08 00:12:26.000','2026-06-02 00:51:30.707'),(11,4,1,'2026-04-14 14:28:30.000','2026-05-30 08:33:09.584'),(13,4,7,'2026-04-30 01:53:37.000','2026-06-04 15:40:08.133'),(18,4,15,'2026-05-15 14:20:24.000','2026-05-22 12:30:28.128'),(20,4,16,'2026-05-18 00:22:58.523','2026-06-03 04:08:53.250'),(21,13,17,'2026-06-03 06:28:17.647','2026-06-03 06:28:17.647'),(22,4,9,'2026-06-03 10:35:08.400','2026-06-05 22:57:19.965'),(23,15,19,'2026-06-05 15:07:47.729','2026-06-05 15:07:47.729');
/*!40000 ALTER TABLE `ChatThread` ENABLE KEYS */;
UNLOCK TABLES;

--
-- Table structure for table `Document`
--

DROP TABLE IF EXISTS `Document`;
/*!40101 SET @saved_cs_client     = @@character_set_client */;
/*!50503 SET character_set_client = utf8mb4 */;
CREATE TABLE `Document` (
  `id` int NOT NULL AUTO_INCREMENT,
  `userId` int NOT NULL,
  `name` varchar(191) COLLATE utf8mb4_unicode_ci NOT NULL,
  `url` varchar(191) COLLATE utf8mb4_unicode_ci NOT NULL,
  `type` varchar(191) COLLATE utf8mb4_unicode_ci NOT NULL,
  `size` int NOT NULL,
  `createdAt` datetime(3) NOT NULL DEFAULT CURRENT_TIMESTAMP(3),
  `sourceUrl` varchar(2048) COLLATE utf8mb4_unicode_ci DEFAULT NULL,
  PRIMARY KEY (`id`),
  KEY `Document_userId_fkey` (`userId`),
  CONSTRAINT `Document_userId_fkey` FOREIGN KEY (`userId`) REFERENCES `User` (`id`) ON DELETE RESTRICT ON UPDATE CASCADE
) ENGINE=InnoDB AUTO_INCREMENT=43 DEFAULT CHARSET=utf8mb4 COLLATE=utf8mb4_unicode_ci;
/*!40101 SET character_set_client = @saved_cs_client */;

--
-- Dumping data for table `Document`
--

LOCK TABLES `Document` WRITE;
/*!40000 ALTER TABLE `Document` DISABLE KEYS */;
INSERT INTO `Document` VALUES (1,4,'LU6-Marketing Plan.pdf','https://ya3r7wmpmfldf8ys.private.blob.vercel-storage.com/uploads/4/1772872749856-LU6-Marketing%20Plan.pdf','PDF',4695029,'2026-03-07 08:39:12.392',NULL),(2,4,'LU8- Funding and Financing New Ventures.pdf','https://ya3r7wmpmfldf8ys.private.blob.vercel-storage.com/uploads/4/1772873514628-LU8-%20Funding%20and%20Financing%20New%20Ventures.pdf','PDF',7399135,'2026-03-07 08:51:58.096',NULL),(3,4,'LU8- Funding and Financing New Ventures.pdf','https://ya3r7wmpmfldf8ys.private.blob.vercel-storage.com/uploads/4/1772874105312-LU8-%20Funding%20and%20Financing%20New%20Ventures.pdf','PDF',7399135,'2026-03-07 09:01:49.165',NULL),(4,4,'LU8- Funding and Financing New Ventures.pdf','https://ya3r7wmpmfldf8ys.private.blob.vercel-storage.com/uploads/4/1772874703996-LU8-%20Funding%20and%20Financing%20New%20Ventures.pdf','PDF',7399135,'2026-03-07 09:11:47.115',NULL),(5,4,'Unimas Version 2 1 (1).pptx','https://ya3r7wmpmfldf8ys.private.blob.vercel-storage.com/uploads/4/1773033781686-Unimas%20Version%202%201%20%281%29.pptx','PPTX',3334727,'2026-03-09 05:23:04.508',NULL),(7,6,'01 - FYP1 Briefing 13 October 2025.pptx','https://ya3r7wmpmfldf8ys.private.blob.vercel-storage.com/uploads/6/1773648702517-01%20-%20FYP1%20Briefing%2013%20October%202025.pptx','PPTX',604063,'2026-03-16 08:11:42.785',NULL),(8,4,'Lecture 1-Revised date.pptx','https://ya3r7wmpmfldf8ys.private.blob.vercel-storage.com/uploads/4/1775007364462-Lecture%201-Revised%20date.pptx','PPTX',51560,'2026-04-01 01:36:05.487',NULL),(21,4,'AFB.EFC_.3.5 Funding For Project Formulation Costs.pdf','https://ya3r7wmpmfldf8ys.private.blob.vercel-storage.com/uploads/4/1775034281435-AFB.EFC_.3.5%20Funding%20For%20Project%20Formulation%20Costs.pdf','PDF',556671,'2026-04-01 09:04:43.239',NULL),(22,4,'Lecture 6 - Software Maintenance Taxonomy.pptx','https://ya3r7wmpmfldf8ys.private.blob.vercel-storage.com/uploads/4/1775607120396-Lecture%206%20-%20Software%20Maintenance%20Taxonomy.pptx','PPTX',893021,'2026-04-08 00:12:02.070',NULL),(23,4,'UNDG-UNDAF-Companion-Pieces-5-Funding-To-Financing.pdf','https://ya3r7wmpmfldf8ys.private.blob.vercel-storage.com/uploads/4/1776161688532-UNDG-UNDAF-Companion-Pieces-5-Funding-To-Financing.pdf','PDF',260414,'2026-04-14 10:14:50.168',NULL),(25,4,'Lecture 2 Risk Management Framework.pdf','https://ya3r7wmpmfldf8ys.private.blob.vercel-storage.com/uploads/4/1776250166854-Lecture%202%20Risk%20Management%20Framework.pdf','PDF',1738982,'2026-04-15 10:49:28.807',NULL),(26,4,'Requirements Engineering for Secure Software Part 1.pptx','https://ya3r7wmpmfldf8ys.private.blob.vercel-storage.com/uploads/4/1777617299476-Requirements%20Engineering%20for%20Secure%20Software%20Part%201.pptx','PPTX',2665165,'2026-05-01 06:34:59.735',NULL),(27,4,'AI Presentation & Slides Generation API & MCP Server _ 2Slides.html','https://ya3r7wmpmfldf8ys.private.blob.vercel-storage.com/uploads/4/1777618925366-AI%20Presentation%20%26%20Slides%20Generation%20API%20%26%20MCP%20Server%20_%202Slides.html','HTML',200671,'2026-05-01 07:02:07.477',NULL),(29,11,'transferlearning.ipynb.txt','https://ya3r7wmpmfldf8ys.private.blob.vercel-storage.com/uploads/11/1777991270270-transferlearning.ipynb.txt','TXT',46548,'2026-05-05 14:27:50.475',NULL),(30,12,'FYP 1 report .docx','https://ya3r7wmpmfldf8ys.private.blob.vercel-storage.com/uploads/12/1778218337745-FYP%201%20report%20.docx','DOCX',3228348,'2026-05-08 05:32:18.151',NULL),(31,4,'Topic 1 Fundamental of Secure Software_ (1).pptx','https://ya3r7wmpmfldf8ys.private.blob.vercel-storage.com/uploads/4/1778686235611-Topic%201%20Fundamental%20of%20Secure%20Software_%20%281%29.pptx','PPTX',3248299,'2026-05-13 15:30:38.365',NULL),(32,4,'Security_Governance_Presentation_updated.pdf','https://ya3r7wmpmfldf8ys.private.blob.vercel-storage.com/uploads/4/1778854588514-Security_Governance_Presentation_updated.pdf','PDF',1119369,'2026-05-15 14:16:30.815',NULL),(33,4,'Chapter 5-White-Box.pdf','https://ya3r7wmpmfldf8ys.private.blob.vercel-storage.com/uploads/4/1778861392003-Chapter%205-White-Box.pdf','PDF',1078125,'2026-05-15 16:09:54.035',NULL),(34,4,'TIN4-15Crowdfunding2015-03-24.pdf','https://ya3r7wmpmfldf8ys.private.blob.vercel-storage.com/uploads/4/1780361482694-TIN4-15Crowdfunding2015-03-24.pdf','PDF',442795,'2026-06-02 00:51:26.379',NULL),(35,13,'Lecture 4_Change Control  Release Management_Updated Nov25.pptx','https://ya3r7wmpmfldf8ys.private.blob.vercel-storage.com/uploads/13/1780460995561-Lecture%204_Change%20Control%20%20Release%20Management_Updated%20Nov25.pptx','PPTX',3610415,'2026-06-03 04:30:02.419',NULL),(36,14,'Lecture 7 - Legacy Information System.pptx','https://ya3r7wmpmfldf8ys.private.blob.vercel-storage.com/uploads/14/1780474694281-Lecture%207%20-%20Legacy%20Information%20System.pptx','PPTX',1759173,'2026-06-03 08:18:19.329',NULL),(37,4,'What is Cryptocurrency and How Does it Work - Kaspersky.txt','https://ya3r7wmpmfldf8ys.private.blob.vercel-storage.com/uploads/4/1780666782155-What%20is%20Cryptocurrency%20and%20How%20Does%20it%20Work%20-%20Kaspersky.txt','TXT',16736,'2026-06-05 13:39:43.572','https://www.kaspersky.com/resource-center/definitions/what-is-cryptocurrency'),(38,15,'FYP1_Final_Report_Draft.docx','https://ya3r7wmpmfldf8ys.private.blob.vercel-storage.com/uploads/15/1780671632110-FYP1_Final_Report_Draft.docx','DOCX',10640006,'2026-06-05 15:00:42.452',NULL),(39,4,'Heat Waves - Wikipedia.txt','https://ya3r7wmpmfldf8ys.private.blob.vercel-storage.com/uploads/4/1780700346647-Heat%20Waves%20-%20Wikipedia.txt','TXT',66009,'2026-06-05 22:59:10.696','https://en.wikipedia.org/wiki/Heat_Waves'),(40,4,'gnest_06248_final.pdf','https://ya3r7wmpmfldf8ys.private.blob.vercel-storage.com/uploads/4/1780734082145-gnest_06248_final.pdf','PDF',963527,'2026-06-06 08:21:27.233','https://journal.gnest.org/system/files/2024-08/gnest_06248_final.pdf'),(41,4,'Statistical analysis of software development models by six-pointed ....txt','https://ya3r7wmpmfldf8ys.private.blob.vercel-storage.com/uploads/4/1780755837183-Statistical%20analysis%20of%20software%20development%20models%20by%20six-pointed%20....txt','TXT',80300,'2026-06-06 14:24:00.555','https://pmc.ncbi.nlm.nih.gov/articles/PMC8975137'),(42,14,'[PDF] Modernization of Legacy Information Technology Systems.txt','https://ya3r7wmpmfldf8ys.private.blob.vercel-storage.com/uploads/14/1780756991515-%5BPDF%5D%20Modernization%20of%20Legacy%20Information%20Technology%20Systems.txt','TXT',80126,'2026-06-06 14:43:13.332','https://scholarworks.waldenu.edu/cgi/viewcontent.cgi?article=14014&context=dissertations');
/*!40000 ALTER TABLE `Document` ENABLE KEYS */;
UNLOCK TABLES;

--
-- Table structure for table `Flashcard`
--

DROP TABLE IF EXISTS `Flashcard`;
/*!40101 SET @saved_cs_client     = @@character_set_client */;
/*!50503 SET character_set_client = utf8mb4 */;
CREATE TABLE `Flashcard` (
  `id` int NOT NULL AUTO_INCREMENT,
  `flashcardSetId` int NOT NULL,
  `front` text COLLATE utf8mb4_unicode_ci NOT NULL,
  `back` text COLLATE utf8mb4_unicode_ci NOT NULL,
  `order` int NOT NULL DEFAULT '0',
  `studyStatus` varchar(191) COLLATE utf8mb4_unicode_ci DEFAULT NULL,
  PRIMARY KEY (`id`),
  KEY `Flashcard_flashcardSetId_idx` (`flashcardSetId`),
  CONSTRAINT `Flashcard_flashcardSetId_fkey` FOREIGN KEY (`flashcardSetId`) REFERENCES `FlashcardSet` (`id`) ON DELETE CASCADE ON UPDATE CASCADE
) ENGINE=InnoDB AUTO_INCREMENT=53 DEFAULT CHARSET=utf8mb4 COLLATE=utf8mb4_unicode_ci;
/*!40101 SET character_set_client = @saved_cs_client */;

--
-- Dumping data for table `Flashcard`
--

LOCK TABLES `Flashcard` WRITE;
/*!40000 ALTER TABLE `Flashcard` DISABLE KEYS */;
INSERT INTO `Flashcard` VALUES (1,1,'Software Assurance Lifecycle Models','Models that guide the development process by integrating security throughout the entire software lifecycle.',0,NULL),(2,1,'Software Assurance Maturity Models','Frameworks used by organizations to assess and improve their security processes over time.',1,NULL),(3,1,'Security Development Life Cycle (SDLC)','A process that integrates security measures at every stage of software development.',2,NULL),(4,1,'Attack Patterns','Structured methods used to understand and predict how an attacker might exploit a system.',3,NULL),(5,1,'Assurance Cases','Evidence-based arguments used to demonstrate a system\'s security and ensure no common vulnerabilities remain.',4,NULL),(6,1,'Architectural Risk Analysis','The evaluation of security feature designs (e.g., firewalls) to detect weaknesses before they are exploited.',5,NULL),(7,1,'White Box Testing','A testing method that thoroughly examines the internal workings of an application.',6,NULL),(8,1,'Black Box Testing','A testing method focusing on external behavior without insight into the application\'s internal code.',7,NULL),(9,1,'Penetration Testing','The practice of simulating attacks on software to identify security gaps.',8,NULL),(10,1,'BSIMM (Building Security In Maturity Model)','A framework for measuring and improving software security initiatives using real-world data from various organizations.',9,'known'),(15,2,'What is a software \"baseline\"?','An approved snapshot or \"official version\" of software configurations and code at a specific time, such as a production release.',0,NULL),(16,2,'What are the five steps of the formal Change Control Process?','1. Submission, 2. Evaluation/Impact Analysis, 3. Approval/Rejection, 4. Implementation, 5. Verification & Closure.',1,NULL),(17,2,'Define a \"Standard Change.\"','A routine, low-risk modification that is pre-approved and follows an established procedure.',2,NULL),(18,2,'What is an \"Emergency Change\"?','A critical fix that requires rapid action to address an urgent issue, often bypassing parts of the standard approval process.',3,'known'),(19,2,'Who typically makes change decisions in the Classical model versus the Agile model?','The Classical model uses a Change Control Board (CCB); the Agile model is led by the Product Owner.',4,'learning'),(20,2,'What is the \"Golden Thread\" in change control?','A path of traceability that connects change requests, approvals, testing, and deployments for audit and transparency purposes.',5,NULL),(21,2,'What is the primary goal of Release Management?','To deliver approved changes to users while minimizing risk, downtime, and impact on production stability.',6,NULL),(22,2,'What is a major risk associated with \"Big Bang\" releases?','They involve merging many complex changes at once, which often leads to significant system failures or crashes.',7,NULL),(23,2,'How does Blue-Green Deployment work?','It maintains two identical environments, allowing traffic to switch between them and enabling an instant rollback if issues occur.',8,NULL),(24,2,'What is a Canary Release?','A progressive delivery strategy where changes are rolled out to a small group of users first to test stability before a full deployment.',9,NULL),(25,2,'What are the main objectives of Change Control?','Preventing uncontrolled changes, ensuring traceability/accountability, evaluating risks, and maintaining regulatory compliance.',10,NULL),(26,2,'What occurs during the \"Evaluation and Impact Analysis\" phase of change control?','The proposed change undergoes a risk assessment to determine its potential effects on the system.',11,NULL),(27,3,'What is the primary goal of the AI-powered tool developed in this project?','To help students and lecturers summarize lecture notes from PDF or PowerPoint formats to enhance learning efficiency.',0,NULL),(28,3,'Which large language models (LLMs) are integrated into the tool?','Gemini, DeepSeek, and OpenAI.',1,NULL),(29,3,'What methodology was followed during the development process?','The Waterfall methodology, consisting of Requirement Analysis, System Design, Implementation, and Testing.',2,NULL),(30,3,'How does the tool handle text extraction from scanned documents?','By using Optical Character Recognition (OCR) technology.',3,NULL),(31,3,'What role does Natural Language Processing (NLP) play in the tool?','It enables the AI to understand and process human language for effective summarization.',4,NULL),(32,3,'Which frontend technologies were used to build the system?','React.js or Next.js along with TailwindCSS or MUI for styling.',5,NULL),(33,3,'What technologies make up the backend and database of the system?','Node.js and Express for the backend, and MySQL for data management.',6,NULL),(34,3,'Name the specific tools used for document processing and conversion.','dots.ocr (for text recognition) and pptx2json (for PowerPoint conversion).',7,NULL),(35,3,'What are the three existing systems used as benchmarks for this project?','Google NotebookLM, Scholarcy, and NoteGPT.',8,NULL),(36,3,'What is the benefit of saving summarized content in a database?','It allows for easy reference and reuse of the information by the users.',9,NULL),(37,3,'What are the primary target user roles for the tool?','Students and lecturers.',10,NULL),(38,3,'What is the expected impact of the tool on academic learning?','Reducing time spent reviewing materials and increasing learning quality by focusing on key content.',11,NULL),(39,4,'What is the primary goal of Software Assurance Lifecycle Models?','To guide the development process by integrating security throughout the entire software lifecycle.',0,NULL),(40,4,'What is the purpose of Software Assurance Maturity Models?','To help organizations assess and improve their security processes over time based on experience.',1,NULL),(41,4,'Why is early defect correction important in software development?','It saves time and resources and prevents security vulnerabilities from becoming costly to fix later.',2,NULL),(42,4,'What are \'Attack Patterns\' in software security?','Structured methods used to understand how an attacker might exploit a system to better predict and prevent attacks.',3,NULL),(43,4,'What is an \'Assurance Case\'?','A collection of evidence used to argue that a system is secure and free of common vulnerabilities.',4,NULL),(44,4,'What is architectural risk analysis?','The evaluation of design features (e.g., firewalls, IDS) to identify weaknesses before they are exploited.',5,NULL),(45,4,'Define White Box Testing.','A testing method that thoroughly examines the internal workings and code of an application.',6,NULL),(46,4,'Define Black Box Testing.','A testing method that focuses on the external behavior of an application without insight into its internal code.',7,NULL),(47,4,'What is the purpose of Penetration Testing?','To simulate real-world attacks on software to identify existing security gaps.',8,NULL),(48,4,'What is BSIMM?','The Building Security In Maturity Model, a framework that uses real-world data from over 130 organizations to establish security benchmarks.',9,NULL),(49,4,'What are two components of product security and risk management?','Gap assessment and security certifications.',10,NULL),(50,4,'What is the CVE database?','A repository that provides a list of known software vulnerabilities.',11,NULL),(51,4,'What does OWASP focus on?','Providing resources and guidelines for web application security.',12,NULL),(52,4,'What is the primary function of Secure Code Reviews?','Regularly inspecting code for vulnerabilities to ensure it adheres to secure coding standards.',13,NULL);
/*!40000 ALTER TABLE `Flashcard` ENABLE KEYS */;
UNLOCK TABLES;

--
-- Table structure for table `FlashcardSet`
--

DROP TABLE IF EXISTS `FlashcardSet`;
/*!40101 SET @saved_cs_client     = @@character_set_client */;
/*!50503 SET character_set_client = utf8mb4 */;
CREATE TABLE `FlashcardSet` (
  `id` int NOT NULL AUTO_INCREMENT,
  `userId` int NOT NULL,
  `summaryId` int NOT NULL,
  `title` varchar(191) COLLATE utf8mb4_unicode_ci NOT NULL,
  `settings` json DEFAULT NULL,
  `createdAt` datetime(3) NOT NULL DEFAULT CURRENT_TIMESTAMP(3),
  `updatedAt` datetime(3) NOT NULL,
  PRIMARY KEY (`id`),
  KEY `FlashcardSet_userId_idx` (`userId`),
  KEY `FlashcardSet_summaryId_idx` (`summaryId`),
  CONSTRAINT `FlashcardSet_summaryId_fkey` FOREIGN KEY (`summaryId`) REFERENCES `Summary` (`id`) ON DELETE CASCADE ON UPDATE CASCADE,
  CONSTRAINT `FlashcardSet_userId_fkey` FOREIGN KEY (`userId`) REFERENCES `User` (`id`) ON DELETE CASCADE ON UPDATE CASCADE
) ENGINE=InnoDB AUTO_INCREMENT=5 DEFAULT CHARSET=utf8mb4 COLLATE=utf8mb4_unicode_ci;
/*!40101 SET character_set_client = @saved_cs_client */;

--
-- Dumping data for table `FlashcardSet`
--

LOCK TABLES `FlashcardSet` WRITE;
/*!40000 ALTER TABLE `FlashcardSet` DISABLE KEYS */;
INSERT INTO `FlashcardSet` VALUES (1,4,7,'Flashcards for Lecture 2 Risk Management Framework','{\"model\": \"Gemini\", \"numCards\": 10, \"focusAreas\": [\"Key concepts\", \"Definitions\"]}','2026-05-22 01:11:37.055','2026-05-22 12:58:37.317'),(2,13,17,'Flashcards for Lecture 4_Change Control  Release Management_Updated Nov25','{\"model\": \"Gemini\", \"numCards\": null, \"focusAreas\": [\"Key concepts\", \"Definitions\"]}','2026-06-03 06:37:35.162','2026-06-03 06:38:06.950'),(3,15,19,'Flashcards for FYP1_Final_Report_Draft','{\"model\": \"Gemini\", \"numCards\": null, \"focusAreas\": [\"Key concepts\"]}','2026-06-05 15:08:44.331','2026-06-05 15:08:44.331'),(4,4,7,'Flashcards for Lecture 2 Risk Management Framework','{\"model\": \"Gemini\", \"numCards\": null, \"focusAreas\": [\"Key concepts\"]}','2026-06-06 17:37:25.446','2026-06-06 17:37:25.446');
/*!40000 ALTER TABLE `FlashcardSet` ENABLE KEYS */;
UNLOCK TABLES;

--
-- Table structure for table `PasswordReset`
--

DROP TABLE IF EXISTS `PasswordReset`;
/*!40101 SET @saved_cs_client     = @@character_set_client */;
/*!50503 SET character_set_client = utf8mb4 */;
CREATE TABLE `PasswordReset` (
  `id` int NOT NULL AUTO_INCREMENT,
  `email` varchar(191) COLLATE utf8mb4_unicode_ci NOT NULL,
  `otp` varchar(191) COLLATE utf8mb4_unicode_ci NOT NULL,
  `expiresAt` datetime(3) NOT NULL,
  `used` tinyint(1) NOT NULL DEFAULT '0',
  `token` varchar(191) COLLATE utf8mb4_unicode_ci DEFAULT NULL,
  `tokenExpiry` datetime(3) DEFAULT NULL,
  `createdAt` datetime(3) NOT NULL DEFAULT CURRENT_TIMESTAMP(3),
  PRIMARY KEY (`id`),
  UNIQUE KEY `PasswordReset_email_key` (`email`)
) ENGINE=InnoDB AUTO_INCREMENT=3 DEFAULT CHARSET=utf8mb4 COLLATE=utf8mb4_unicode_ci;
/*!40101 SET character_set_client = @saved_cs_client */;

--
-- Dumping data for table `PasswordReset`
--

LOCK TABLES `PasswordReset` WRITE;
/*!40000 ALTER TABLE `PasswordReset` DISABLE KEYS */;
INSERT INTO `PasswordReset` VALUES (1,'wapianwei@gmail.com','772547','2026-05-01 04:48:27.224',0,NULL,NULL,'2026-02-26 14:31:06.644'),(2,'chongkingston391@gmail.com','984944','2026-05-14 13:11:37.396',0,NULL,NULL,'2026-05-14 13:01:37.397');
/*!40000 ALTER TABLE `PasswordReset` ENABLE KEYS */;
UNLOCK TABLES;

--
-- Table structure for table `QuizAttempt`
--

DROP TABLE IF EXISTS `QuizAttempt`;
/*!40101 SET @saved_cs_client     = @@character_set_client */;
/*!50503 SET character_set_client = utf8mb4 */;
CREATE TABLE `QuizAttempt` (
  `id` int NOT NULL AUTO_INCREMENT,
  `userId` int DEFAULT NULL,
  `quizSetId` int NOT NULL,
  `score` int NOT NULL,
  `totalQuestions` int NOT NULL,
  `answers` json DEFAULT NULL,
  `createdAt` datetime(3) NOT NULL DEFAULT CURRENT_TIMESTAMP(3),
  `respondentLabel` varchar(120) COLLATE utf8mb4_unicode_ci DEFAULT NULL,
  PRIMARY KEY (`id`),
  KEY `QuizAttempt_quizSetId_idx` (`quizSetId`),
  KEY `QuizAttempt_userId_quizSetId_idx` (`userId`,`quizSetId`),
  CONSTRAINT `QuizAttempt_quizSetId_fkey` FOREIGN KEY (`quizSetId`) REFERENCES `QuizSet` (`id`) ON DELETE CASCADE ON UPDATE CASCADE,
  CONSTRAINT `QuizAttempt_userId_fkey` FOREIGN KEY (`userId`) REFERENCES `User` (`id`) ON DELETE CASCADE ON UPDATE CASCADE
) ENGINE=InnoDB AUTO_INCREMENT=6 DEFAULT CHARSET=utf8mb4 COLLATE=utf8mb4_unicode_ci;
/*!40101 SET character_set_client = @saved_cs_client */;

--
-- Dumping data for table `QuizAttempt`
--

LOCK TABLES `QuizAttempt` WRITE;
/*!40000 ALTER TABLE `QuizAttempt` DISABLE KEYS */;
INSERT INTO `QuizAttempt` VALUES (1,4,1,2,10,'{\"0\": \"Traditional Definition\", \"1\": \"True\", \"2\": \"Guaranteed high financial returns\", \"3\": \"Debt financing involves giving up ownership in the business.\", \"4\": \"True\", \"5\": \"Majlis Amanah Rakyat (MARA)\", \"6\": \"Inability to raise large amounts of capital\", \"7\": \"True\", \"8\": \"It builds confidence with potential investors or lenders.\", \"9\": \"5-25 years\"}','2026-04-14 05:56:16.924',NULL),(2,4,3,2,10,'{\"0\": \"Startups, by definition, avoid \'bootstrapping\' with personal funds due to the inherent uncertainty of their business model, making them reliant on government grants.\", \"1\": \"True\", \"2\": \"i dunno\", \"3\": \"Debt financing is always preferred by venture capitalists as it scales better with technology startups, whereas equity financing is limited to personal funds and family investments.\", \"4\": \"SME entrepreneurs for general business loans and equipment\", \"5\": \"False\", \"6\": \"True\"}','2026-04-14 10:25:30.312',NULL),(3,4,5,4,10,'{\"0\": \"Structure-based testing\", \"1\": \"Data Flow Coverage\", \"2\": \"It is too difficult to calculate for small programs.\", \"3\": \"Condition-Based Testing\", \"4\": \"The sequence of executable statements in a graph.\", \"5\": \"Control Flow Testing\", \"6\": \"The number of potential test cases grows exponentially with code complexity.\", \"7\": \"The ratio of executed statements to total statements\", \"8\": \"It provides too much data for coverage metrics.\", \"9\": \"Condition-Based Testing\"}','2026-05-17 06:09:58.845',NULL),(4,4,5,1,10,'{\"0\": \"Behavioral testing\", \"1\": \"Data Flow Coverage\", \"2\": \"It is too difficult to calculate for small programs.\", \"3\": \"Exploratory Testing\", \"4\": \"The informal guessing of likely error scenarios.\", \"5\": \"Static Analysis\", \"6\": \"It requires black-box testers to implement it.\", \"7\": \"The ratio of executed statements to total statements\", \"8\": \"It provides too much data for coverage metrics.\", \"9\": \"Condition-Based Testing\"}','2026-05-17 23:56:20.245','Simon Lee'),(5,13,2,3,10,'{\"0\": \"Focusing exclusively on non-technology endeavors\", \"1\": \"It eliminates the need for regular interest payments\", \"2\": \"Angel Investors\", \"3\": \"To pay off high-interest bank loans\", \"4\": \"Personal credit cards for the founder\", \"5\": \"Giving up 100% ownership to a single entity\", \"6\": \"By being the first to pass laws encouraging equity-based crowdfunding\", \"7\": \"Using personal savings to fund a business\", \"8\": \"It is a requirement by Malaysia\'s Securities Commission\", \"9\": \"Dotcoms or online businesses\"}','2026-06-04 06:57:07.901','Alexc');
/*!40000 ALTER TABLE `QuizAttempt` ENABLE KEYS */;
UNLOCK TABLES;

--
-- Table structure for table `QuizQuestion`
--

DROP TABLE IF EXISTS `QuizQuestion`;
/*!40101 SET @saved_cs_client     = @@character_set_client */;
/*!50503 SET character_set_client = utf8mb4 */;
CREATE TABLE `QuizQuestion` (
  `id` int NOT NULL AUTO_INCREMENT,
  `quizSetId` int NOT NULL,
  `question` text COLLATE utf8mb4_unicode_ci NOT NULL,
  `type` varchar(191) COLLATE utf8mb4_unicode_ci NOT NULL,
  `options` json DEFAULT NULL,
  `answer` text COLLATE utf8mb4_unicode_ci NOT NULL,
  `explanation` text COLLATE utf8mb4_unicode_ci,
  `order` int NOT NULL DEFAULT '0',
  `hint` text COLLATE utf8mb4_unicode_ci,
  PRIMARY KEY (`id`),
  KEY `QuizQuestion_quizSetId_idx` (`quizSetId`),
  CONSTRAINT `QuizQuestion_quizSetId_fkey` FOREIGN KEY (`quizSetId`) REFERENCES `QuizSet` (`id`) ON DELETE CASCADE ON UPDATE CASCADE
) ENGINE=InnoDB AUTO_INCREMENT=181 DEFAULT CHARSET=utf8mb4 COLLATE=utf8mb4_unicode_ci;
/*!40101 SET character_set_client = @saved_cs_client */;

--
-- Dumping data for table `QuizQuestion`
--

LOCK TABLES `QuizQuestion` WRITE;
/*!40000 ALTER TABLE `QuizQuestion` DISABLE KEYS */;
INSERT INTO `QuizQuestion` VALUES (1,1,'According to the summary, which definition of a start-up emphasizes its experimental nature and search for a repeatable business model?','MCQ','[\"Traditional Definition\", \"Steve Blank\'s Definition\", \"US Legal Definition\", \"Longenecker\'s Definition\"]','Steve Blank\'s Definition','Steve Blank\'s definition describes a start-up as \'An organization formed to search for a repeatable and scalable business model,\' highlighting its experimental and search-oriented nature.',0,NULL),(2,1,'True or False: The Global Entrepreneurship Monitor (GEM) findings indicate that strangers expect lower returns on investments than parents do.','True/False','null','False','The summary states that GEM findings show \'Strangers expect higher returns than parents,\' making the statement false.',1,NULL),(3,1,'Which of the following is NOT listed as a motivation for angel investors?','MCQ','[\"Job creation\", \"Technology development for social needs\", \"Guaranteed high financial returns\", \"Personal satisfaction\"]','Guaranteed high financial returns','The summary lists motivations such as job creation, technology development for social needs, and personal satisfaction. It does not mention \'guaranteed high financial returns\' as a specific motivation.',2,NULL),(4,1,'What is the primary characteristic that distinguishes equity financing from debt financing?','MCQ','[\"Equity financing requires regular interest payments.\", \"Debt financing involves giving up ownership in the business.\", \"Equity financing involves the sale of ownership in the business.\", \"Debt financing has no legal obligation to repay funds.\"]','Equity financing involves the sale of ownership in the business.','The summary clearly states: \'Equity financing involves sale of ownership in business,\' while debt financing does not require relinquishing ownership.',3,NULL),(5,1,'True or False: Seed capital is typically obtained from venture capital firms and involves formal contractual agreements with high overhead.','True/False','null','False','The summary states seed capital is \'Typically from owners, friends, family\' and is \'Often obtained in exchange for equity stake with less formal contractual overhead.\'',4,NULL),(6,1,'Which Malaysian agency is specifically mentioned as providing financial assistance and equipment for agriculture-related industries?','MCQ','[\"Majlis Amanah Rakyat (MARA)\", \"Bank Pembangunan dan Infrastruktur Malaysia Berhad (BPIMB)\", \"Malaysian Industrial Development Finance Berhad (MIDF)\", \"Bank Pertanian Malaysia (BPM)\"]','Bank Pertanian Malaysia (BPM)','The summary\'s table of Malaysian government programs lists Bank Pertanian Malaysia (BPM) as providing \'Financial assistance and equipment for agriculture-related industries.\'',5,NULL),(7,1,'According to the summary, what is a key disadvantage of public offerings as a funding source?','MCQ','[\"Lack of liquidity for owners\", \"Mandatory public disclosure of company affairs\", \"Inability to raise large amounts of capital\", \"Poor corporate image enhancement\"]','Mandatory public disclosure of company affairs','The summary lists \'Disclosure: Mandatory public disclosure of company affairs\' as a disadvantage of public offerings.',6,NULL),(8,1,'True or False: Crowdfunding is described as a method with a high funding success rate and provides entrepreneurs with ongoing counseling relationships.','True/False','null','False','The summary lists \'Low funding success rate\' and \'No ongoing counseling relationship\' as potential risks of crowdfunding, making the statement false.',7,NULL),(9,1,'Which of the following is a listed advantage of using the entrepreneur\'s own money (owner\'s money) for funding?','MCQ','[\"It eliminates all personal financial risk.\", \"It builds confidence with potential investors or lenders.\", \"It is always sufficient to fully fund the venture.\", \"It requires no involvement from family or friends.\"]','It builds confidence with potential investors or lenders.','The summary states that using personal funds has the \'Strategic advantage\' of \'building investor/lender confidence.\'',8,NULL),(10,1,'What period is associated with \'Short-term Financing\' as defined in the summary?','MCQ','[\"1-8 years\", \"5-25 years\", \"Less than or equal to 1 year\", \"1-5 years\"]','Less than or equal to 1 year','The summary explicitly defines short-term financing as having a period of \'≤1 year\' and being for working capital.',9,NULL),(11,2,'According to the definition provided by technology entrepreneur Steve Blank, what is a primary focus of a start-up?','MCQ','[\"Achieving immediate profitability through traditional methods\", \"Developing a scalable and repeatable business model\", \"Focusing exclusively on non-technology endeavors\", \"Avoiding all forms of debt and equity financing\"]','Developing a scalable and repeatable business model','Steve Blank defines a start-up as an organization transitioning from an idea to executing operations with a focus on developing a scalable and repeatable business model.',0,NULL),(12,2,'What is considered a primary advantage of debt financing for an entrepreneur?','MCQ','[\"It eliminates the need for regular interest payments\", \"It provides shared ownership and profit distribution\", \"The entrepreneur maintains full ownership of the business\", \"It removes the obligation to repay the borrowed funds\"]','The entrepreneur maintains full ownership of the business','Debt financing involves borrowing funds with an obligation to repay with interest, which allows the entrepreneur to maintain full ownership without yielding business shares.',1,NULL),(13,2,'Which source of capital involves wealthy individuals providing early-stage investment in exchange for equity?','MCQ','[\"Venture Capital Firms\", \"Commercial Banks\", \"Angel Investors\", \"Public Stock Offerings\"]','Angel Investors','Angel investors are wealthy individuals interested in early-stage companies who offer localized investments in exchange for equity.',2,NULL),(14,2,'What is the primary purpose of \'Seed Capital\' as described in the document?','MCQ','[\"To fund late-stage international expansion\", \"To pay off high-interest bank loans\", \"For foundational activities like market and product research\", \"To facilitate an Initial Public Offering (IPO)\"]','For foundational activities like market and product research','Seed capital represents high-risk, early-stage investment intended for foundational activities such as market and product research.',3,NULL),(15,2,'Unlike simple funding, Venture Capital firms typically provide which of the following?','MCQ','[\"Personal credit cards for the founder\", \"Market insights, managerial support, and strategic guidance\", \"Interest-free long-term loans\", \"Guaranteed success in the stock market\"]','Market insights, managerial support, and strategic guidance','Venture capital firms provide more than just funds; they offer market insights, managerial support, and strategic guidance to help start-ups grow.',4,NULL),(16,2,'Which of these is identified as a risk associated with crowdfunding?','MCQ','[\"Giving up 100% ownership to a single entity\", \"Business plan disclosure\", \"The requirement to pay monthly interest\", \"Lack of access to online platforms\"]','Business plan disclosure','Risks of crowdfunding include potential funding failure, tax implications, regulatory uncertainties, and the disclosure of the business plan to the public.',5,NULL),(17,2,'How did Malaysia distinguish itself in the ASEAN region regarding start-up funding?','MCQ','[\"By banning all forms of equity-based financing\", \"By being the first to pass laws encouraging equity-based crowdfunding\", \"By providing government funds to all tech start-ups\", \"By eliminating the need for a Securities Commission\"]','By being the first to pass laws encouraging equity-based crowdfunding','Malaysia pioneered crowdfunding legislation in the ASEAN region by passing laws that encouraged equity-based crowdfunding.',6,NULL),(18,2,'In the context of equity financing, what is \'Private Placement\'?','MCQ','[\"An Initial Public Offering on a stock exchange\", \"Borrowing money from family and friends\", \"Selling securities privately to raise funds\", \"Using personal savings to fund a business\"]','Selling securities privately to raise funds','Equity financing common sources include public stock offerings (IPO) and private placements, which involve selling securities privately.',7,NULL),(19,2,'Why is using the \'Owner’s Money\' (personal savings) often seen as beneficial when seeking external investment?','MCQ','[\"It guarantees the business will never fail\", \"It signifies the entrepreneur\'s commitment to the venture\", \"It is a requirement by Malaysia\'s Securities Commission\", \"It automatically qualifies the business for Venture Capital\"]','It signifies the entrepreneur\'s commitment to the venture','Entrepreneurs using personal savings or credit signifies their commitment to the business, which is important to potential investors.',8,NULL),(20,2,'During the late 1990s, many start-ups were categorized as which of the following?','MCQ','[\"Traditional manufacturing firms\", \"Agricultural cooperatives\", \"Dotcoms or online businesses\", \"Non-profit social enterprises\"]','Dotcoms or online businesses','In the late 1990s, many start-ups were known as \'dotcoms\' or online businesses capitalizing on internet commerce.',9,NULL),(21,3,'A fundamental characteristic differentiating a startup from a new traditional business, according to the summary, is its explicit pursuit of a business model that is both repeatable and scalable. Which consequence is most directly linked to this characteristic when considering external financing from sophisticated investors?','MCQ','[\"Startups are primarily focused on immediate profitability, making them attractive to debt financing from commercial banks.\", \"The scalable nature of startups often necessitates larger initial capital outlays, driving them towards equity financing from venture capitalists who seek high growth potential.\", \"Repeatability implies a stable, low-risk operational model, making personal funds the most suitable and sustainable financing option.\", \"Startups, by definition, avoid \'bootstrapping\' with personal funds due to the inherent uncertainty of their business model, making them reliant on government grants.\"]','The scalable nature of startups often necessitates larger initial capital outlays, driving them towards equity financing from venture capitalists who seek high growth potential.','The summary defines a startup as searching for a business model that is both repeatable and scalable, explicitly linking it to high growth. Scalability often requires significant investment to achieve that rapid expansion, which aligns with the large capital pools and high-growth expectations of venture capitalists offering equity financing. Option A is incorrect because startups are often not immediately profitable. Option C misunderstands the implication of repeatability in the context of growth, and Option D is incorrect as personal funds are stated as the most common starting point.',0,NULL),(22,3,'An entrepreneur secures funding for their nascent tech venture by surrendering 15% of control and future profits. This financing mechanism inherently dictates that the entrepreneur will not face fixed monthly repayment obligations, even if the startup generates no revenue in its initial high-burn phase. This scenario is a definitive illustration of equity financing.','True/False',NULL,'True','Equity financing involves selling a portion of ownership in exchange for cash. The key benefit, as outlined in the summary, is that \'there is no \'payback\' or interest\' and \'if the business fails, you don\'t owe the money back.\' The trade-off is sharing profits and giving up some control, which aligns with surrendering 15% of control and future profits.',1,NULL),(23,3,'An early-stage company that has developed a novel medical device is seeking its \'very first round\' of investment specifically for initial research, product development, and refining its business plan. This phase of funding is commonly referred to as __________.','FillInBlanks',NULL,'Seed Capital','The summary explicitly defines Seed Capital as \'The very first \'round\' of investment used for early research, product development, and building a business plan.\'',2,NULL),(24,3,'Which of the following statements most accurately reflects a core tension an entrepreneur faces when choosing between debt and equity financing for a rapidly growing tech startup?','MCQ','[\"Debt financing guarantees higher returns for the entrepreneur due to compound interest, while equity financing dilutes ownership without promising profit.\", \"Equity financing secures 100% ownership and control but demands immediate, fixed repayments, contrasting with debt financing\'s flexible payback terms.\", \"The desire to retain full control and ownership favors debt financing, but this option introduces the risk of mandatory fixed payments irrespective of profitability, potentially jeopardizing early-stage cash flow.\", \"Debt financing is always preferred by venture capitalists as it scales better with technology startups, whereas equity financing is limited to personal funds and family investments.\"]','The desire to retain full control and ownership favors debt financing, but this option introduces the risk of mandatory fixed payments irrespective of profitability, potentially jeopardizing early-stage cash flow.','The summary highlights the key pros and cons: debt financing allows founders to \'keep 100% ownership and control\' (pro), but comes with the \'con\' of \'regular monthly payments regardless of whether you are making a profit.\' Equity financing, conversely, means giving up some control and sharing profits but has no payback obligation if the business fails. This option perfectly captures the mentioned tension.',3,NULL),(25,3,'In the context of Malaysian government support for entrepreneurs, financing from MIDF is primarily directed towards which specific sector?','MCQ','[\"Agriculture-related industries\", \"SME entrepreneurs for general business loans and equipment\", \"Innovation and creative ecosystem development\", \"Manufacturing and fixed assets\"]','Manufacturing and fixed assets','The table in the \'Funding in the Malaysian Context\' section explicitly states that MIDF\'s focus area is \'Financing for manufacturing and fixed assets.\'',4,NULL),(26,3,'Malaysia was the pioneering ASEAN nation to establish legal regulations for Equity Crowdfunding, thereby creating a formalized path for digital fundraising where backers receive a fractional ownership stake in startups.','True/False',NULL,'True','The summary explicitly states: \'Malaysia was the first country in ASEAN to introduce legal regulations for Equity Crowdfunding, making it a leader in digital fundraising for start-ups.\'',5,NULL),(27,3,'A key advantage of crowdfunding, particularly reward-based models like Kickstarter, is its ability to simultaneously test market demand for a product or service while raising capital, reducing overall market validation risk for the entrepreneur.','True/False',NULL,'True','The summary lists \'Benefits\' of crowdfunding, including \'A fast way to raise money and test if the market likes your idea.\' This directly supports the idea of simultaneously testing market demand and raising capital to reduce validation risk.',6,NULL),(28,3,'Which of the following investor types would be most appropriate for a startup requiring a colossal sum of capital (e.g., tens of millions) for aggressive global expansion, coupled with a need for strategic guidance and industry connections, understanding that this would entail significant dilution of founder ownership and intensive due diligence?','MCQ','[\"Angel Investors\", \"Personal Funds (Founders, Family, Friends)\", \"Venture Capital (VC)\", \"Crowdfunding (Reward-based)\"]','Venture Capital (VC)','The summary describes Venture Capital (VC) firms as providing \'huge sums of capital and expert consulting\' but being \'very selective,\' directly aligning with the scenario\'s need for colossal capital, strategic guidance, and the implicit \'significant dilution of founder ownership\' (as a \'con\' of equity financing). Angel investors provide less money, personal funds are for early stages, and crowdfunding typically raises smaller amounts.',7,NULL),(29,3,'Name two of the \'4Fs\' typically associated with the most common starting point for startup funding.','FillInBlanks',NULL,'Founders, Family, Friends','The summary identifies \'Personal Funds (The \'4Fs\'): Founders, Family, Friends, and \'Foolhardy\' investors\' as the most common starting point. Any two of Founders, Family, or Friends would be correct.',8,NULL),(30,3,'Despite the potential for raising substantial capital and gaining market validation, a significant risk associated with crowdfunding is the mandatory public disclosure of proprietary business details and intellectual property to a wide audience, even without a guarantee of achieving the funding goal.','True/False',NULL,'True','The \'Risks\' section for Crowdfunding explicitly states: \'You have to share your business secrets publicly, and there is no guarantee you will meet your funding goal.\' This aligns perfectly with the statement.',9,NULL),(31,4,'According to the executive summary, what is the primary driver behind the growing need for secure identity verification?','MCQ','[\"The decline of physical banking services\", \"The expansion of digital services\", \"The decrease in hardware costs\", \"A global mandate by cybersecurity agencies\"]','The expansion of digital services','The summary states that as digital services expand, secure identity verification becomes more crucial.',0,NULL),(32,4,'Which of the following is cited as a reason why traditional password-based methods are considered inadequate in the report?','MCQ','[\"They are too expensive to implement\", \"They are physically difficult to remember\", \"They have proven vulnerable to threats\", \"They require specialized hardware sensors\"]','They have proven vulnerable to threats','The executive summary mentions that traditional methods like passwords have proven vulnerable.',1,NULL),(33,4,'Why is face recognition specifically highlighted as a promising biometric solution compared to others?','MCQ','[\"It is the only method that uses physiological traits\", \"It requires no physical contact or extra devices\", \"It is the fastest known biometric method\", \"It is the cheapest method to store in databases\"]','It requires no physical contact or extra devices','The summary notes face recognition is promising because it\'s secure and doesn\'t require physical contact or extra devices.',2,NULL),(34,4,'The research project specifically focuses on a system built using which deep learning architecture?','MCQ','[\"SphereFace\", \"CosFace\", \"ArcFace\", \"RetinaFace\"]','ArcFace','The summary explicitly states the research focuses on a face recognition-based security system using the ArcFace architecture.',3,NULL),(35,4,'Which deep learning framework was utilized for the implementation of the project?','MCQ','[\"TensorFlow\", \"Keras\", \"PyTorch\", \"Caffe\"]','PyTorch','The summary mentions the use of the PyTorch framework for better performance and flexibility.',4,NULL),(36,4,'In the technical pipeline of the proposed system, what is the specific role assigned to ResNet-18?','MCQ','[\"Face alignment\", \"Feature extraction\", \"Face detection\", \"Data augmentation\"]','Feature extraction','The summary states the system uses ResNet-18 for feature extraction.',5,NULL),(37,4,'Which component is integrated into the system to handle precise face detection and alignment?','MCQ','[\"ArcFace\", \"ResNet-18\", \"RetinaFace\", \"CASIA-WebFace\"]','RetinaFace','The summary mentions the integration of RetinaFace for precise face detection and alignment.',6,NULL),(38,4,'What is the primary function of the CASIA-WebFace dataset in this research project?','MCQ','[\"Performance testing\", \"Threshold selection\", \"Assisting in training\", \"Final system validation\"]','Assisting in training','The summary states that the CASIA-WebFace dataset assists in training the model.',7,NULL),(39,4,'Which dataset is utilized for testing the performance of the face recognition system?','MCQ','[\"CASIA-WebFace\", \"Labeled Faces in the Wild (LFW)\", \"ImageNet\", \"MS-Celeb-1M\"]','Labeled Faces in the Wild (LFW)','The summary specifies that the Labeled Faces in the Wild (LFW) dataset is employed for performance testing.',8,NULL),(40,4,'The abbreviation \'FAR\' in the context of performance metrics stands for:','MCQ','[\"Frequency of Access Rate\", \"False Acceptance Rate\", \"Facial Alignment Ratio\", \"Feature Analysis Range\"]','False Acceptance Rate','The summary lists FAR as False Acceptance Rate under the performance metrics section.',9,NULL),(41,4,'Which metric is used to determine the point where the False Acceptance Rate equals the False Rejection Rate?','MCQ','[\"ROC Curve\", \"Accuracy Score\", \"Equal Error Rate (EER)\", \"Precision-Recall Curve\"]','Equal Error Rate (EER)','The summary mentions EER (Equal Error Rate) as a metric providing insights into optimal performance threshold selection.',10,NULL),(42,4,'According to the comparison provided, what gives ArcFace an advantage over SphereFace and CosFace?','MCQ','[\"Lower computational requirements\", \"A unique loss function\", \"The use of ResNet-18\", \"Faster training times\"]','A unique loss function','The summary states ArcFace provides enhanced accuracy due to its unique loss function compared to SphereFace and CosFace.',11,NULL),(43,4,'What is the specific architectural mechanism used by ArcFace to improve verification accuracy?','MCQ','[\"Spatial Pyramid Pooling\", \"Angular margin\", \"Dropout layers\", \"Batch Normalization\"]','Angular margin','The methodology section explains that ArcFace is known for maximizing inter-class separability with angular margin.',12,NULL),(44,4,'The report notes that the developed system is currently at what stage of development?','MCQ','[\"Commercial-ready product\", \"Prototype-level system\", \"Theoretical framework only\", \"Legacy maintenance phase\"]','Prototype-level system','The summary states that a prototype-level verification system is developed.',13,NULL),(45,4,'What limitation was explicitly mentioned regarding the datasets used in this project?','MCQ','[\"Poor image resolution\", \"Limited dataset scale\", \"Incorrect labeling\", \"Lack of color images\"]','Limited dataset scale','The summary mentions limitations due to dataset scale and the capacity for larger and more varied training data.',14,NULL),(46,4,'Which of the following is proposed as a future direction to further validate the system\'s robustness?','MCQ','[\"Switching to a password-based system\", \"Removing the RetinaFace component\", \"Performing cross-dataset evaluations\", \"Reducing the number of training epochs\"]','Performing cross-dataset evaluations','The summary identifies performing cross-dataset evaluations as a future direction to validate the system.',15,NULL),(47,4,'Why are biometric systems like face recognition considered hard to duplicate?','MCQ','[\"They use unique physiological traits\", \"They are encrypted with 256-bit keys\", \"They change every few seconds\", \"They are stored in a decentralized blockchain\"]','They use unique physiological traits','The introduction states biometric systems use unique physiological traits that are hard to duplicate.',16,NULL),(48,4,'How does the study describe the user experience of face recognition systems compared to traditional methods?','MCQ','[\"More cumbersome but more secure\", \"Easier and more natural to use\", \"Requires significant user training\", \"Only suitable for tech-savvy individuals\"]','Easier and more natural to use','The study states that face recognition offers a contactless way to verify identity, making it easier and more natural to use.',17,NULL),(49,4,'What technology is mentioned as the driver behind the improvement of accuracy and robustness in modern face recognition?','MCQ','[\"Quantum computing\", \"Blockchain ledgers\", \"Deep learning (CNNs)\", \"Optical character recognition\"]','Deep learning (CNNs)','Modern face recognition leverages deep learning techniques, such as convolutional neural networks (CNNs).',18,NULL),(50,4,'In the context of the problem statement, what is a common consequence of traditional passwords in \'security-critical\' environments?','MCQ','[\"High electricity consumption\", \"Identity theft threats\", \"Slow internet speeds\", \"Hardware degradation\"]','Identity theft threats','The introduction notes that passwords fail in security-critical environments due to threats like identity theft.',19,NULL),(51,4,'What is the primary objective of maximizing \'inter-class separability\' in the ArcFace architecture?','MCQ','[\"To reduce the number of training images needed\", \"To ensure different faces are represented distinctly\", \"To speed up the detection phase of RetinaFace\", \"To compress the size of the final model\"]','To ensure different faces are represented distinctly','The methodology explains that angular margin ensures that different faces are represented distinctly within the algorithm.',20,NULL),(52,4,'Which framework attribute made PyTorch the choice for implementing the project\'s sophisticated architectures?','MCQ','[\"Compatibility with older hardware\", \"Flexibility and efficiency\", \"Lack of dependency requirements\", \"Automatic data collection capabilities\"]','Flexibility and efficiency','PyTorch was selected due to its flexibility and efficiency in implementing deep learning architectures.',21,NULL),(53,4,'Which of the following metrics illustrates the relationship between False Acceptance Rate and False Rejection Rate at various thresholds?','MCQ','[\"ResNet-18 Accuracy Curve\", \"RetinaFace Alignment Graph\", \"ROC Curve\", \"Loss Function Gradient\"]','ROC Curve','The analysis section mentions that the ROC Curve and EER provide insights into the system\'s threshold selection.',22,NULL),(54,4,'The \'FRR\' metric in the system evaluation specifically measures:','MCQ','[\"Face Recognition Range\", \"False Rejection Rate\", \"Frequency of Repeat Registration\", \"Full Recognition Runtime\"]','False Rejection Rate','The summary lists FRR as False Rejection Rate in the metrics section.',23,NULL),(55,4,'What is the ultimate goal mentioned for future improvements in terms of data usage?','MCQ','[\"Eliminating the use of datasets entirely\", \"Training on larger, more balanced datasets\", \"Using only black-and-white datasets\", \"Using synthetic datasets instead of real images\"]','Training on larger, more balanced datasets','Future improvements include training on larger, more balanced datasets.',24,NULL),(56,4,'RetinaFace is described as essential for ensuring high precision in identifying faces under which circumstances?','MCQ','[\"Only in perfectly lit laboratory settings\", \"Across various environments and conditions\", \"Only when the user is wearing a mask\", \"Exclusively for high-speed motion capture\"]','Across various environments and conditions','The summary states RetinaFace ensures high precision in identifying faces across various environments and conditions.',25,NULL),(57,4,'What does the study suggest about the distinctiveness of classes in ArcFace?','MCQ','[\"It is lower than that of traditional CNNs\", \"It is enhanced by the angular margin loss function\", \"It is irrelevant to verification accuracy\", \"It is achieved through manual image labeling\"]','It is enhanced by the angular margin loss function','The summary notes that ArcFace enhances system performance by increasing the distinctiveness between different classes (people) using angular margin.',26,NULL),(58,4,'The CASIA-WebFace dataset used in this project is characterized as having:','MCQ','[\"A small number of high-resolution professional portraits\", \"A wealth of facial images in diverse settings\", \"Only images of celebrities in the wild\", \"Infrared images for night verification\"]','A wealth of facial images in diverse settings','The experimentation section notes that the datasets provide a wealth of facial images in diverse settings.',27,NULL),(59,4,'What is the role of convolutional neural networks (CNNs) in this research?','MCQ','[\"They are used for generating fake identities for testing\", \"They help improve accuracy and robustness in face recognition\", \"They are used for storing the user\'s password\", \"They manage the system\'s database storage\"]','They help improve accuracy and robustness in face recognition','Modern face recognition leverages deep learning techniques such as CNNs to help improve accuracy and robustness.',28,NULL),(60,4,'Which problem does the project aim to mitigate by using advanced deep learning algorithms?','MCQ','[\"Slow internet connectivity\", \"Traditional password weaknesses and identity theft\", \"High cost of camera hardware\", \"Lack of digital storage space\"]','Traditional password weaknesses and identity theft','The project aim is to mitigate traditional problems (like password weaknesses) using state-of-the-art deep learning techniques.',29,NULL),(61,4,'According to the summary, what determines how often unauthorized access is falsely allowed?','MCQ','[\"False Rejection Rate (FRR)\", \"False Acceptance Rate (FAR)\", \"Equal Error Rate (EER)\", \"Accuracy score\"]','False Acceptance Rate (FAR)','The summary states that analyzing metrics like FAR makes it clear how often unauthorized access is falsely allowed.',30,NULL),(62,4,'The future direction of \'cross-dataset evaluations\' is intended to ensure what quality of the system?','MCQ','[\"System affordability\", \"Broad applicability and robustness\", \"Energy efficiency\", \"Hardware compatibility\"]','Broad applicability and robustness','Cross-dataset evaluations will ensure the system\'s broad applicability and robustness.',31,NULL),(63,4,'Which specific architectural component is mentioned as responsible for increasing distinctiveness between classes?','MCQ','[\"RetinaFace\", \"ResNet-18\", \"ArcFace\", \"LFW dataset\"]','ArcFace','The summary states ArcFace enhances performance by increasing the distinctiveness between different classes.',32,NULL),(64,4,'The project summary describes face recognition as a \'feasible solution\' primarily because of its:','MCQ','[\"Low resolution requirements\", \"Reliability and ease of use\", \"Portability across different smartphone brands\", \"Integration with blockchain\"]','Reliability and ease of use','The text states face recognition provides a feasible solution due to its reliability and ease of use.',33,NULL),(65,4,'What is the consequence of the observed \'limited data diversity\' mentioned in the limitations?','MCQ','[\"It requires the use of passwords instead\", \"It challenges the system\'s reliability and applicability\", \"It makes the system faster to train\", \"It eliminates the need for RetinaFace\"]','It challenges the system\'s reliability and applicability','Addressing limitations like limited data diversity could further enhance system reliability and applicability.',34,NULL),(66,4,'In the comparison between SphereFace, CosFace, and ArcFace, what is the shared goal of these models?','MCQ','[\"To reduce the number of features extracted by ResNet\", \"To enhance accuracy in face recognition\", \"To perform face detection without alignment\", \"To replace the need for PyTorch\"]','To enhance accuracy in face recognition','The summary compares ArcFace to previous models like SphereFace and CosFace, noting ArcFace provides \'enhanced accuracy\'.',35,NULL),(67,4,'What is the relationship between \'threshold selection\' and the EER metric in this report?','MCQ','[\"EER is the maximum possible threshold\", \"EER provides insights into the optimal threshold selection\", \"Threshold selection is performed manually regardless of EER\", \"EER eliminates the need for threshold selection\"]','EER provides insights into the optimal threshold selection','The summary explicitly states that the ROC Curve and EER provide insights into the system\'s threshold selection.',36,NULL),(68,4,'ResNet-18 is categorized in this report as a component for:','MCQ','[\"Face detection\", \"Feature extraction\", \"Loss calculation\", \"Database management\"]','Feature extraction','The technical components section mentions ResNet-18 is used for feature extraction.',37,NULL),(69,4,'Which of the following correctly describes the function of RetinaFace in the pipeline?','MCQ','[\"It calculates the angular margin loss\", \"It detects and aligns faces correctly\", \"It tests the final accuracy on the LFW dataset\", \"It acts as the primary training dataset\"]','It detects and aligns faces correctly','The summary states RetinaFace is essential for detecting and aligning faces correctly.',38,NULL),(70,4,'What specifically is being verified in the \'prototype-level verification system\'?','MCQ','[\"Password strength\", \"Face identity\", \"Device security\", \"Dataset balance\"]','Face identity','The project focus is on a face recognition-based security system for identity verification.',39,NULL),(71,4,'The CASIA-WebFace dataset is used for which stage of the machine learning pipeline?','MCQ','[\"Preprocessing\", \"Training\", \"Testing\", \"Deployment\"]','Training','The summary states that the CASIA-WebFace dataset assists in training.',40,NULL),(72,4,'According to the report, why are passwords failing in security-critical environments?','MCQ','[\"Because they require internet access\", \"Because of threats like identity theft\", \"Because they are too expensive for users\", \"Because they don\'t use PyTorch\"]','Because of threats like identity theft','The study background mentions passwords fail in security-critical environments due to threats like identity theft.',41,NULL),(73,4,'What is the key advantage of a \'contactless\' verification method mentioned in the text?','MCQ','[\"It prevents the spread of hardware viruses\", \"It makes the system easier and more natural to use\", \"It allows for verification without a camera\", \"It increases the storage speed of facial features\"]','It makes the system easier and more natural to use','The summary states biometric systems offer a contactless way to verify identity, making them easier and more natural to use.',42,NULL),(74,4,'Which architecture is highlighted for its \'angular margin\' loss function?','MCQ','[\"ResNet-18\", \"RetinaFace\", \"ArcFace\", \"SphereFace\"]','ArcFace','The methodology section notes the project employs ArcFace, known for its angular margin.',43,NULL),(75,4,'What is the primary role of the \'LFW\' dataset in this study?','MCQ','[\"To align faces detected by RetinaFace\", \"To serve as a training baseline\", \"To be employed for performance testing\", \"To validate the PyTorch framework installation\"]','To be employed for performance testing','The summary says the LFW dataset is employed for performance testing.',44,NULL),(76,4,'Which of these metrics is specifically linked to how often unauthorized access is denied wrongly?','MCQ','[\"FAR\", \"FRR\", \"EER\", \"ROC\"]','FRR','The analysis section mentions analyzing FAR and FRR to see how often access is falsely allowed or denied.',45,NULL),(77,4,'What does the study say about \'physiological traits\' in biometric systems?','MCQ','[\"They are easy to change and update\", \"They are hard to duplicate\", \"They are only accessible by RetinaFace\", \"They are stored as text strings in ResNet-18\"]','They are hard to duplicate','The summary states biometrics use unique physiological traits that are hard to duplicate.',46,NULL),(78,4,'Why is the PyTorch framework considered suitable for implementing sophisticated deep learning architectures?','MCQ','[\"Because it is the only framework that supports ResNet\", \"Because of its flexibility and efficiency\", \"Because it requires no knowledge of coding\", \"Because it automatically collects data from CASIA\"]','Because of its flexibility and efficiency','The methodology section explicitly attributes the selection of PyTorch to its flexibility and efficiency.',47,NULL),(79,4,'What is the main limitation related to dataset \'capacity\' mentioned in the summary?','MCQ','[\"The storage capacity of the hard drives was too low\", \"The capacity for larger and more varied training data was limited\", \"The system could only handle 18 images at a time\", \"The LFW dataset was too large for PyTorch to process\"]','The capacity for larger and more varied training data was limited','The limitations section mentions the capacity for larger and more varied training data as a challenge.',48,NULL),(80,4,'What does \'EER\' provide in terms of system optimization?','MCQ','[\"The maximum speed of the processor\", \"Insights into threshold selection for optimal performance\", \"The total number of faces in the CASIA dataset\", \"The percentage of feature extraction success\"]','Insights into threshold selection for optimal performance','The summary states EER provides insights into the system\'s threshold selection for optimal performance.',49,NULL),(81,4,'What component ensures high precision in identifying faces across various environments?','MCQ','[\"ArcFace angular margin\", \"RetinaFace integration\", \"PyTorch flexibility\", \"LFW dataset diversity\"]','RetinaFace integration','RetinaFace ensures high precision across various environments and conditions by correctly detecting and aligning faces.',50,NULL),(82,4,'The research goal involves creating a more secure verification system using what type of algorithms?','MCQ','[\"Linear regression algorithms\", \"Traditional password algorithms\", \"Advanced deep learning algorithms\", \"Sorting and searching algorithms\"]','Advanced deep learning algorithms','The objective is to leverage advanced deep learning algorithms to create a more secure verification system.',51,NULL),(83,4,'Which of the following is NOT a metric mentioned for measuring the system\'s effectiveness?','MCQ','[\"FAR\", \"FRR\", \"EER\", \"GFLOPs\"]','GFLOPs','The summary mentions FAR, FRR, and EER, but does not mention GFLOPs.',52,NULL),(84,4,'According to the detailed explanation, what makes face recognition \'easier and more natural\'?','MCQ','[\"The use of high-speed GPUs\", \"The use of cameras for contactless verification\", \"The lack of training required for the model\", \"The simplicity of the ResNet-18 code\"]','The use of cameras for contactless verification','Face recognition offers a contactless way to verify identity using cameras, making them easier and more natural to use.',53,NULL),(85,4,'What is the benefit of the \'angular margin\' in ArcFace methodology?','MCQ','[\"It reduces the size of the face image\", \"It maximizes inter-class separability\", \"It speeds up the PyTorch framework\", \"It automatically labels the LFW dataset\"]','It maximizes inter-class separability','The methodology states ArcFace is known for maximizing inter-class separability with angular margin.',54,NULL),(86,4,'What future work is suggested to validate the system\'s effectiveness across various conditions?','MCQ','[\"Upgrading to ResNet-50\", \"Cross-dataset evaluations\", \"Switching to a PIN-based system\", \"Reducing the size of the prototype\"]','Cross-dataset evaluations','Cross-dataset evaluations will ensure the system\'s broad applicability and effectiveness across various conditions.',55,NULL),(87,4,'How does ArcFace compare to previous models regarding accuracy?','MCQ','[\"It has lower accuracy than CosFace\", \"It has enhanced accuracy due to its loss function\", \"It has the same accuracy as SphereFace\", \"It has not been compared to previous models\"]','It has enhanced accuracy due to its loss function','The summary states ArcFace provides enhanced accuracy due to its unique loss function compared to SphereFace and CosFace.',56,NULL),(88,4,'Which technical component handles \'feature extraction\'?','MCQ','[\"RetinaFace\", \"ArcFace\", \"ResNet-18\", \"CASIA-WebFace\"]','ResNet-18','The summary explicitly links ResNet-18 with feature extraction.',57,NULL),(89,4,'What is the primary risk associated with traditional authentication methods like PINs?','MCQ','[\"They require too much storage space\", \"They are prone to being stolen or forgotten\", \"They cannot be used with digital services\", \"They are too fast for modern computers\"]','They are prone to being stolen or forgotten','The detailed explanation section states passwords and PINs are prone to being stolen or forgotten.',58,NULL),(90,4,'In the system\'s results analysis, what does the ROC Curve help to provide?','MCQ','[\"A list of all faces detected\", \"Insights into threshold selection\", \"The total time taken for training\", \"The layout of the ResNet layers\"]','Insights into threshold selection','The experimentation section notes that the ROC Curve and EER provide insights into threshold selection.',59,NULL),(91,4,'Which dataset provides a \'wealth of facial images\' for the study?','MCQ','[\"Only LFW\", \"Only CASIA-WebFace\", \"Both CASIA-WebFace and LFW\", \"A custom dataset not named in the summary\"]','Both CASIA-WebFace and LFW','The experimentation section states both CASIA-WebFace and LFW datasets provide a wealth of facial images.',60,NULL),(92,4,'What is the primary focus of the future improvements mentioned in the conclusion?','MCQ','[\"Reducing the accuracy of the system\", \"Expanding the dataset and enhancing architectures\", \"Replacing face recognition with fingerprints\", \"Moving from PyTorch to TensorFlow\"]','Expanding the dataset and enhancing architectures','The conclusion states future improvements include expanding the dataset and enhancing training architectures.',61,NULL),(93,4,'What is a \'physiological trait\' as used in the context of this report?','MCQ','[\"A password or PIN\", \"A unique physical characteristic like a face\", \"A specific software framework\", \"A method of data encryption\"]','A unique physical characteristic like a face','Face recognition is cited as using unique physiological traits for verification.',62,NULL),(94,4,'The \'EER\' stands for:','MCQ','[\"Estimated Error Range\", \"Equal Error Rate\", \"Extended Extraction Result\", \"Efficient Entry Ratio\"]','Equal Error Rate','The performance metrics section defines EER as Equal Error Rate.',63,NULL),(95,4,'What does the integration of RetinaFace allow the system to do with faces?','MCQ','[\"Encrypt them using PyTorch\", \"Detect and align them correctly\", \"Delete them from the CASIA dataset\", \"Compare them to passwords\"]','Detect and align them correctly','The methodology says RetinaFace is essential for detecting and aligning faces correctly.',64,NULL),(96,4,'According to the document, why is identity verification more crucial now than in the past?','MCQ','[\"Because people have more faces\", \"Because digital services are expanding\", \"Because traditional passwords have become free\", \"Because hardware is becoming less secure\"]','Because digital services are expanding','The summary links the growing need for verification to the expansion of digital services.',65,NULL),(97,4,'What is the relationship between ArcFace and \'classes\'?','MCQ','[\"Each person represents a different class\", \"Classes are different types of loss functions\", \"Classes are the different datasets used\", \"Classes are the different versions of ResNet\"]','Each person represents a different class','The text explains ArcFace increases distinctiveness between different classes (people).',66,NULL),(98,4,'What was the purpose of creating a prototype-level system?','MCQ','[\"To replace all existing security systems immediately\", \"To showcase the potential for real-world applications\", \"To test the speed of ResNet-18\", \"To collect more data for CASIA-WebFace\"]','To showcase the potential for real-world applications','The summary says the prototype was developed to showcase the potential of these technologies for real-world applications.',67,NULL),(99,4,'What does the report suggest about the \'robustness\' of modern face recognition?','MCQ','[\"It is inferior to traditional passwords\", \"It is improved by using deep learning techniques like CNNs\", \"It is only possible without alignment\", \"It is currently at its maximum possible level\"]','It is improved by using deep learning techniques like CNNs','The introduction states deep learning techniques help improve accuracy and robustness.',68,NULL),(100,4,'In the comparison of loss functions, which model did ArcFace outperform in terms of accuracy?','MCQ','[\"ResNet-18\", \"RetinaFace\", \"SphereFace and CosFace\", \"PyTorch\"]','SphereFace and CosFace','The summary compares ArcFace to SphereFace and CosFace, noting ArcFace\'s enhanced accuracy.',69,NULL),(101,4,'What was a primary finding of the experimentation with FAR and FRR?','MCQ','[\"They are always zero in prototype systems\", \"They reveal how often unauthorized access is allowed or denied\", \"They are only useful for passwords\", \"They are metrics used by RetinaFace for detection\"]','They reveal how often unauthorized access is allowed or denied','Analyzing FAR and FRR makes it clear how often unauthorized access is falsely allowed (FAR) or denied (FRR).',70,NULL),(102,4,'What technical component is described as \'powerful\' in the executive summary?','MCQ','[\"The ResNet-18 CPU\", \"The ArcFace architecture\", \"The CASIA dataset storage\", \"The LFW testing protocol\"]','The ArcFace architecture','The executive summary refers to the \'powerful ArcFace architecture\'.',71,NULL),(103,4,'According to the detailed explanation, what makes biometric traits \'hard to duplicate\'?','MCQ','[\"They are stored in PyTorch\", \"They are unique physiological traits\", \"They are encrypted with RetinaFace\", \"They require expensive cameras to see\"]','They are unique physiological traits','Biometric systems stand out because they use unique physiological traits that are hard to duplicate.',72,NULL),(104,4,'What is the goal of using \'state-of-the-art techniques\' in this project?','MCQ','[\"To mitigate traditional authentication problems\", \"To eliminate the need for future research\", \"To reduce the number of features in ResNet\", \"To make face recognition more complex\"]','To mitigate traditional authentication problems','The objective section says using state-of-the-art techniques can mitigate traditional problems.',73,NULL),(105,4,'Which of these is NOT mentioned as a limitation in the current study?','MCQ','[\"Dataset scale\", \"Data diversity\", \"System scaling challenges\", \"Incompatibility with PyTorch\"]','Incompatibility with PyTorch','The summary mentions dataset scale, diversity, and system scaling as challenges, but PyTorch is described as the selected framework.',74,NULL),(106,4,'The implementation of the system aims to create a \'more robust method for identity verification\' by leveraging:','MCQ','[\"Larger passwords\", \"Advanced deep learning algorithms\", \"Manual human verification\", \"Fingerprint scanners\"]','Advanced deep learning algorithms','The text states the aim is to leverage advanced deep learning algorithms to create a more robust method.',75,NULL),(107,4,'Why is \'face detection and alignment\' specified as essential in the summary?','MCQ','[\"To reduce the time spent training on CASIA\", \"To ensure high precision in identifying faces\", \"To prevent the system from needing PyTorch\", \"To allow the use of passwords as backup\"]','To ensure high precision in identifying faces','RetinaFace is essential for detection and alignment, ensuring high precision in identifying faces.',76,NULL),(108,4,'What does \'inter-class separability\' refer to in the context of ArcFace?','MCQ','[\"Separating images from different datasets\", \"Separating features of different people\", \"Separating training and testing phases\", \"Separating detection and alignment processes\"]','Separating features of different people','The methodology says ArcFace ensures different faces (classes) are represented distinctly.',77,NULL),(109,4,'The \'Labeled Faces in the Wild\' dataset is abbreviated as:','MCQ','[\"LFITW\", \"LFW\", \"LABFAC\", \"WILD-F\"]','LFW','The summary uses the abbreviation LFW for Labeled Faces in the Wild.',78,NULL),(110,4,'What is the role of ResNet-18 in the system architecture?','MCQ','[\"It is the primary face detector\", \"It is used for feature extraction\", \"It calculates the final FAR/FRR metrics\", \"It provides the training images\"]','It is used for feature extraction','The summary states the system uses ResNet-18 for feature extraction.',79,NULL),(111,4,'How does the research characterize the future of face recognition systems?','MCQ','[\"Limited and unlikely to grow\", \"Potential for expansion into new areas\", \"Dependent solely on better passwords\", \"Moving away from deep learning\"]','Potential for expansion into new areas','The conclusion states that enhancements could push the research into new areas.',80,NULL),(112,4,'In the summary, which term is used interchangeably with \'identity verification\'?','MCQ','[\"Authentication\", \"Encryption\", \"Data mining\", \"Feature alignment\"]','Authentication','The section \'Problem with Current Authentication Methods\' discusses identity verification.',81,NULL),(113,4,'What does the report say about the representativeness of different faces in the ArcFace algorithm?','MCQ','[\"They are represented using random passwords\", \"They are represented distinctly within the algorithm\", \"They are combined into a single class to save space\", \"They are filtered out by RetinaFace\"]','They are represented distinctly within the algorithm','The methodology states ArcFace ensures different faces are represented distinctly within the algorithm.',82,NULL),(114,4,'According to the summary, what can the ROC curve help a developer select?','MCQ','[\"The best dataset\", \"The optimal threshold\", \"The number of layers in ResNet\", \"The framework to use\"]','The optimal threshold','The summary notes the ROC curve provides insights into the system\'s threshold selection.',83,NULL),(115,4,'What does the term \'margin\' specifically refer to in the methodology of ArcFace?','MCQ','[\"The border around the face image\", \"The angular margin in the loss function\", \"The profit margin of the security system\", \"The space between training and testing data\"]','The angular margin in the loss function','ArcFace is described as maximizing inter-class separability with angular margin.',84,NULL),(116,4,'What is the primary contribution of the prototype mentioned in the achievements?','MCQ','[\"It proved that passwords are better\", \"It demonstrated the viability of modern techniques in real-world applications\", \"It showed that ResNet-18 is obsolete\", \"It collected the world\'s largest dataset\"]','It demonstrated the viability of modern techniques in real-world applications','The current achievements section states the prototype demonstrates the viability of these modern techniques in real-world applications.',85,NULL),(117,4,'Which specific technical task is \'alignment\' associated with in the document?','MCQ','[\"Training datasets\", \"Face detection (RetinaFace)\", \"Performance metrics (FAR)\", \"Loss function (ArcFace)\"]','Face detection (RetinaFace)','RetinaFace is integrated for \'precise face detection and alignment\'.',86,NULL),(118,4,'The CASIA-WebFace dataset is used to:','MCQ','[\"Evaluate the final EER\", \"Assist in training the system\", \"Align the faces in LFW\", \"Extract features using ResNet\"]','Assist in training the system','The summary says the CASIA-WebFace dataset assists in training.',87,NULL),(119,4,'What is indicated by a higher \'False Acceptance Rate\'?','MCQ','[\"The system is too strict\", \"Unauthorized access is being allowed more often\", \"The system is recognizing faces too quickly\", \"The training dataset is too large\"]','Unauthorized access is being allowed more often','The summary explains FAR measures how often unauthorized access is falsely allowed.',88,NULL),(120,4,'The system was implemented using ResNet-18. What does \'18\' likely refer to in this context?','MCQ','[\"The number of users in the system\", \"The version of the PyTorch framework\", \"The architecture\'s layer depth/configuration\", \"The age of the test subjects in LFW\"]','The architecture\'s layer depth/configuration','While the summary doesn\'t explicitly define \'18\', in deep learning (ResNet-18), it refers to the layers. The context of \'ResNet-18 architecture\' implies this configuration.',89,NULL),(121,4,'What is a identified challenge for future work according to the \'Limitations\' section?','MCQ','[\"Decreasing the accuracy of RetinaFace\", \"Addressing limited data diversity\", \"Moving the system to a desktop computer\", \"Reducing the number of metrics\"]','Addressing limited data diversity','The summary mentions limited data diversity as a challenge/limitation.',90,NULL),(122,4,'Which of the following is NOT described as a benefit of face recognition in the document?','MCQ','[\"Contactless\", \"Natural to use\", \"Requires no extra devices (uses cameras)\", \"Completely immune to all cyber threats\"]','Completely immune to all cyber threats','While the document says it is secure and robust, it does not claim total immunity to all cyber threats.',91,NULL),(123,4,'What type of neural networks are specifically mentioned as helping improve face recognition?','MCQ','[\"Recurrent Neural Networks (RNN)\", \"Convolutional Neural Networks (CNN)\", \"Generative Adversarial Networks (GAN)\", \"Radial Basis Function Networks\"]','Convolutional Neural Networks (CNN)','The introduction states modern face recognition leverages deep learning techniques, such as CNNs.',92,NULL),(124,4,'What does the research suggest about \'traditional methods like passwords\'?','MCQ','[\"They are the gold standard of security\", \"They fail in security-critical environments\", \"They are harder to steal than biometric traits\", \"They are becoming more popular in digital services\"]','They fail in security-critical environments','The study background states traditional methods fail in security-critical environments.',93,NULL),(125,4,'What is the primary function of the LFW dataset in the context of this report?','MCQ','[\"Training the ArcFace model\", \"Aligning images for RetinaFace\", \"Testing the performance of the system\", \"Serving as a backup database for passwords\"]','Testing the performance of the system','The summary states LFW is employed for performance testing.',94,NULL),(126,4,'According to the future directions, what would help further validate the system?','MCQ','[\"Using smaller datasets\", \"Cross-dataset evaluations\", \"Eliminating the use of metrics\", \"Using only one type of face\"]','Cross-dataset evaluations','The summary mentions performing cross-dataset evaluations to further validate the system.',95,NULL),(127,4,'The \'flexibility\' mentioned in the methodology refers to which tool?','MCQ','[\"ArcFace\", \"RetinaFace\", \"PyTorch\", \"ResNet-18\"]','PyTorch','PyTorch is selected due to its flexibility and efficiency.',96,NULL),(128,4,'What results from analyzing FAR and FRR?','MCQ','[\"The system\'s training speed increases\", \"Insight into how often access is falsely allowed or denied\", \"The CASIA dataset is updated\", \"The ResNet-18 architecture is modified\"]','Insight into how often access is falsely allowed or denied','Analyzing FAR and FRR makes it clear how often access is falsely allowed or denied.',97,NULL),(129,4,'Which loss function was cited as unique and responsible for ArcFace\'s performance?','MCQ','[\"Linear Margin Loss\", \"Angular Margin Loss\", \"Binary Cross Entropy\", \"Mean Squared Error\"]','Angular Margin Loss','The methodology states ArcFace is known for angular margin, which is its unique loss function.',98,NULL),(130,4,'What is the main goal of the project as stated in the introduction?','MCQ','[\"To compare ResNet-18 with other frameworks\", \"To create a more secure, accurate face verification system\", \"To collect images for the CASIA-WebFace dataset\", \"To replace cameras with PIN pads\"]','To create a more secure, accurate face verification system','The objective is to leverage deep learning to create a more secure, accurate face verification system.',99,NULL),(131,5,'What is another term used to describe white-box testing based on its methodology?','MCQ','[\"Behavioral testing\", \"Structure-based testing\", \"Functional testing\", \"Requirement-based testing\"]','Structure-based testing','White-box testing is also known as structure-based testing because it involves evaluating a system based on its internal structures or workings.',0,NULL),(132,5,'Which coverage metric ensures that all executable paths in the code have been executed at least once?','MCQ','[\"Decision Coverage\", \"Statement Coverage\", \"Data Flow Coverage\", \"Path Coverage\"]','Statement Coverage','Statement Coverage is calculated as the ratio of executed statements to the total statements, ensuring every executable path is run at least once.',1,NULL),(133,5,'Why is Statement Coverage often considered a \'weak\' metric in white-box testing?','MCQ','[\"It is too difficult to calculate for small programs.\", \"It requires expensive automated tools to implement.\", \"It might miss pathways connected to decision points that are not exercised.\", \"It focuses solely on variable definitions rather than logic.\"]','It might miss pathways connected to decision points that are not exercised.','Statement coverage is considered weak because it may fail to exercise specific branches or decision outcomes, even if every line of code is touched.',2,NULL),(134,5,'Which metric extends beyond statement execution to ensure that every possible outcome from a decision point is tested?','MCQ','[\"Boundary Coverage\", \"Decision Coverage\", \"Condition-Based Testing\", \"Exploratory Testing\"]','Decision Coverage','Decision Coverage (or Branch Coverage) ensures that each possible path emanating from a decision node in the program flow has been taken.',3,NULL),(135,5,'What is the primary focus of Data Flow Testing?','MCQ','[\"The sequence of executable statements in a graph.\", \"The informal guessing of likely error scenarios.\", \"The definition and usage of program variables.\", \"The execution of every possible path in a function.\"]','The definition and usage of program variables.','Data Flow Testing inspects program variables by examining their definitions (defs) and usage (uses) to confirm they behave as expected.',4,NULL),(136,5,'Which white-box technique utilizes a graph to identify the sequence of executed statements?','MCQ','[\"Path Coverage Testing\", \"Control Flow Testing\", \"Static Analysis\", \"Error Guessing\"]','Control Flow Testing','Control Flow Testing derives test cases from a control flow graph, which helps identify the sequence of executed statements.',5,NULL),(137,5,'What makes Path Coverage difficult to deploy in complex software systems?','MCQ','[\"It requires black-box testers to implement it.\", \"It ignores the logic branches of the program.\", \"The number of potential test cases grows exponentially with code complexity.\", \"It can only be used on dead code.\"]','The number of potential test cases grows exponentially with code complexity.','While theoretically superior, path coverage is often avoided in complex systems because the sheer number of possible execution paths makes it infeasible.',6,NULL),(138,5,'Experience-based techniques like \'error guessing\' are primarily guided by which of the following?','MCQ','[\"Internal code structure analysis\", \"Tester intuition and likely fault scenarios\", \"Control flow graph metrics\", \"The ratio of executed statements to total statements\"]','Tester intuition and likely fault scenarios','Experience-based techniques leverage the tester\'s experience and intuition to identify likely faults rather than relying on code structure.',7,NULL),(139,5,'In the context of white-box testing, why is the presence of \'dead code\' a challenge?','MCQ','[\"It makes the program run faster than expected.\", \"It provides too much data for coverage metrics.\", \"It can make statement coverage metrics misleading.\", \"It automatically converts white-box tests into black-box tests.\"]','It can make statement coverage metrics misleading.','Dead code is unreachable, so if a large portion of the code is \'dead,\' statement coverage metrics might not accurately reflect the quality of the testing.',8,NULL),(140,5,'Which technique is specifically noted as being useful for testing complex logical or nested conditions?','MCQ','[\"Condition-Based Testing\", \"Decision Coverage\", \"Statement Coverage\", \"Static Analysis\"]','Condition-Based Testing','Condition-Based Testing ensures that all conditions within decision or fork points are executed, which is particularly useful for complex or nested logic.',9,NULL),(141,6,'What is the primary purpose of Software Assurance Maturity Models according to the text?','MCQ','[\"To provide a database of known vulnerabilities\", \"To help organizations assess and improve their security processes over time\", \"To automate the coding process for developers\", \"To replace the need for penetration testing\"]','To help organizations assess and improve their security processes over time','Maturity models are frameworks that help organizations evaluate their current practices and build on experience to enhance security measures over time.',0,NULL),(142,6,'According to Steve McConnell, why is it important to detect and correct software defects early in the development process?','MCQ','[\"It allows for more complex features to be added later\", \"It makes the software run faster on older hardware\", \"It saves time and resources while preventing security vulnerabilities\", \"It eliminates the need for any future security updates\"]','It saves time and resources while preventing security vulnerabilities','Early detection and correction reduce the overall cost and time of development and prevent vulnerabilities from being baked into the final product.',1,NULL),(143,6,'Which security practice provides a structured way to understand how an attacker might exploit a system?','MCQ','[\"Assurance Cases\", \"White Box Testing\", \"Attack Patterns\", \"Gap Assessment\"]','Attack Patterns','Attack patterns are defined as structured ways to understand exploitation methods, which helps in predicting and preventing attacks.',2,NULL),(144,6,'What is the function of an \'Assurance Case\' in software security engineering?','MCQ','[\"To document the legal ownership of the software code\", \"To argue a system\'s security based on evidence to ensure no common vulnerabilities remain\", \"To provide a list of all employees who worked on the project\", \"To simulate a brute-force attack on a network\"]','To argue a system\'s security based on evidence to ensure no common vulnerabilities remain','Assurance cases act like legal cases that use evidence to prove the security of a system.',3,NULL),(145,6,'Which type of testing focuses on examining the internal workings of an application?','MCQ','[\"Black Box Testing\", \"White Box Testing\", \"Penetration Testing\", \"Gap Assessment\"]','White Box Testing','White Box Testing is defined as a method that thoroughly examines the internal workings of the application.',4,NULL),(146,6,'The BSIMM (Building Security In Maturity Model) framework establishes security benchmarks based on data from how many organizations?','MCQ','[\"Exactly 10\", \"Over 50\", \"More than 130\", \"Exactly 1,000\"]','More than 130','BSIMM uses real-world data from 130+ organizations to establish its security benchmarks.',5,NULL),(147,6,'How many domains are included in the BSIMM framework for organizing security practices?','MCQ','[\"Two\", \"Four\", \"Six\", \"Eight\"]','Four','The summary explicitly mentions that BSIMM consists of Four Domains ranging from secure code reviews to strategic planning.',6,NULL),(148,6,'What is the specific goal of Architectural Risk Analysis?','MCQ','[\"To choose the most aesthetically pleasing user interface\", \"To evaluate the design of security features to detect weaknesses before exploitation\", \"To calculate the total electricity consumption of the server room\", \"To determine the number of developers needed for a project\"]','To evaluate the design of security features to detect weaknesses before exploitation','Architectural risk analysis involves evaluating the design of features like firewalls and IDS to find weaknesses early.',7,NULL),(149,6,'Which resource is identified as a list of known vulnerabilities?','MCQ','[\"OWASP\", \"CVE Database\", \"CERT Secure Coding Initiative\", \"SDLC\"]','CVE Database','The CVE (Common Vulnerabilities and Exposures) Database is specifically listed as a resource for known vulnerabilities.',8,NULL),(150,6,'In the context of product security and risk management, what is the role of a \'Gap Assessment\'?','MCQ','[\"To fill the gap between different programming languages\", \"To identify deficits in security practices and suggest improvements\", \"To provide a backup of the system\'s data\", \"To increase the speed of the deployment pipeline\"]','To identify deficits in security practices and suggest improvements','Gap Assessment is used to find where security practices are lacking (deficits) and provide suggestions for improvement.',9,NULL),(151,7,'What is the primary benefit of correcting software defects early in the development process according to Steve McConnell?','MCQ','[\"It ensures compliance with BSIMM\", \"It saves time and resources\", \"It eliminates the need for penetration testing\", \"It automatically fixes all security vulnerabilities\"]','It saves time and resources','Steve McConnell highlights that correcting defects early saves time and resources, as earlier detection and correction prevent costly fixes later.',0,NULL),(152,7,'Which model is described as a framework for measuring and improving software security initiatives using data from 130+ organizations?','MCQ','[\"Enterprise Software Security Framework\", \"Security Development Life Cycle (SDLC)\", \"Building Security In Maturity Model (BSIMM)\", \"Software Assurance Lifecycle Model\"]','Building Security In Maturity Model (BSIMM)','BSIMM is a framework that uses real-world data from 130+ organizations to establish security benchmarks and help organizations measure and improve their security initiatives.',1,NULL),(153,7,'What do assurance cases do in the context of software security?','MCQ','[\"They list all known vulnerabilities in a system\", \"They argue a system\'s security based on evidence\", \"They simulate attacks on software\", \"They are automated testing tools\"]','They argue a system\'s security based on evidence','Assurance cases are like legal cases that argue a system\'s security based on evidence, ensuring no common vulnerabilities remain.',2,NULL),(154,7,'Which type of testing examines the internal workings of an application?','MCQ','[\"Black Box Testing\", \"Penetration Testing\", \"White Box Testing\", \"Gap Assessment\"]','White Box Testing','White box testing thoroughly examines the internal workings of an application, unlike black box testing which focuses on external behavior.',3,NULL),(155,7,'What is the purpose of architectural risk analysis?','MCQ','[\"To ensure code is reviewed by peers\", \"To evaluate the design of security features to detect weaknesses before exploitation\", \"To perform penetration testing\", \"To classify vulnerabilities in the CVE database\"]','To evaluate the design of security features to detect weaknesses before exploitation','Architectural risk analysis involves evaluating the design of security features (e.g., firewalls, IDS) to detect weaknesses before they are exploited.',4,NULL),(156,7,'Which resource provides a list of known vulnerabilities?','MCQ','[\"CERT Secure Coding Initiative\", \"OWASP\", \"CVE Database\", \"BSIMM\"]','CVE Database','The CVE database is a list of known vulnerabilities, as mentioned in the additional resources section.',5,NULL),(157,7,'In the context of the document, what does BSIMM\'s four domains include?','MCQ','[\"Only secure code reviews and penetration testing\", \"Practices ranging from secure code reviews to strategic planning\", \"Only gap assessment and security certifications\", \"Only enterprise software security framework and SDLC\"]','Practices ranging from secure code reviews to strategic planning','The BSIMM\'s four domains include various practices from secure code reviews to strategic planning, covering a broad range of security activities.',6,NULL),(158,7,'What is the role of a Software Assurance Maturity Model?','MCQ','[\"To guide the development process with security integrated throughout\", \"To help organizations assess and improve their security processes over time\", \"To provide legal arguments for system security\", \"To simulate attacks on software\"]','To help organizations assess and improve their security processes over time','Software Assurance Maturity Models help organizations assess and improve their processes over time, building on experience to enhance security measures.',7,NULL),(159,7,'Which of the following is NOT an example of a testing type mentioned in the document?','MCQ','[\"White Box Testing\", \"Black Box Testing\", \"Gap Assessment\", \"Penetration Testing\"]','Gap Assessment','Gap assessment is part of product security and risk management, not a testing type. Testing types listed are white box, black box, and penetration testing.',8,NULL),(160,7,'What is the main purpose of secure code reviews?','MCQ','[\"To evaluate the design of security features\", \"To inspect code for vulnerabilities and ensure secure coding standards\", \"To simulate attacks on the software\", \"To classify vulnerabilities in the CVE database\"]','To inspect code for vulnerabilities and ensure secure coding standards','Secure code reviews involve regularly inspecting code for vulnerabilities and ensuring it adheres to secure coding standards.',9,NULL),(161,8,'According to the summary, what is the primary purpose of Software Assurance Maturity Models?','MCQ','[\"To provide a list of known hardware vulnerabilities\", \"To help organizations assess and improve their security processes over time\", \"To replace the need for secure code reviews\", \"To automate the entire software development lifecycle\"]','To help organizations assess and improve their security processes over time','Software Assurance Maturity Models are frameworks designed to help organizations evaluate their current practices and build on experience to enhance security measures over time.',0,NULL),(162,8,'What does Steve McConnell highlight regarding the cost of correcting software defects?','MCQ','[\"Defects are cheaper to fix after the software is released\", \"The cost of fixing defects is constant regardless of the stage\", \"Correcting defects early in the development process saves time and resources\", \"Defects should only be corrected during the penetration testing phase\"]','Correcting defects early in the development process saves time and resources','Early detection and correction of defects prevent security vulnerabilities and reduce the overall cost and time required for development.',1,NULL),(163,8,'Which security practice is described as a structured way to understand how an attacker might exploit a system?','MCQ','[\"Assurance Cases\", \"White Box Testing\", \"Attack Patterns\", \"Gap Assessment\"]','Attack Patterns','Attack patterns provide a structured method for understanding potential exploits, which helps in predicting and preventing attacks.',2,NULL),(164,8,'What is the primary function of \'Assurance Cases\' in software security?','MCQ','[\"To simulate attacks on the software to find gaps\", \"To argue a system\'s security based on evidence, similar to a legal case\", \"To provide a database of known vulnerabilities like CVE\", \"To focus on the external behavior of an application\"]','To argue a system\'s security based on evidence, similar to a legal case','Assurance cases act like legal cases that use evidence to argue that a system is secure and free from common vulnerabilities.',3,NULL),(165,8,'What does architectural risk analysis involve in the context of security features?','MCQ','[\"Writing secure code following CERT guidelines\", \"Performing black box testing on the final product\", \"Evaluating the design of security features to detect weaknesses before exploitation\", \"Comparing an organization against the BSIMM benchmark\"]','Evaluating the design of security features to detect weaknesses before exploitation','Architectural risk analysis evaluates the design of security features, such as firewalls and IDS, to find and fix weaknesses early.',4,NULL),(166,8,'Which type of testing focuses on the external behavior of the application without insight into its internal workings?','MCQ','[\"White Box Testing\", \"Secure Code Review\", \"Black Box Testing\", \"Unit Testing\"]','Black Box Testing','Black Box testing is defined as focusing on the external behavior of the application without looking into its internal code or structure.',5,NULL),(167,8,'The BSIMM (Building Security In Maturity Model) framework establishes security benchmarks based on what?','MCQ','[\"Theoretical security models\", \"Real-world data from over 130 organizations\", \"Strictly government regulations\", \"The CVE database only\"]','Real-world data from over 130 organizations','BSIMM uses real-world data from 130+ organizations to establish security benchmarks and help others compare their practices against industry standards.',6,NULL),(168,8,'How many domains are included in the BSIMM framework for measuring software security initiatives?','MCQ','[\"Two\", \"Three\", \"Four\", \"Five\"]','Four','The BSIMM framework consists of four domains that include practices ranging from secure code reviews to strategic planning.',7,NULL),(169,8,'In Product Security and Risk Management, what is the purpose of a \'Gap Assessment\'?','MCQ','[\"To identify deficits in security practices and suggest improvements\", \"To provide a list of all known vulnerabilities in the supply chain\", \"To act as a legal case for system security\", \"To conduct white box testing on third-party code\"]','To identify deficits in security practices and suggest improvements','Gap assessments are used to identify where security practices are lacking (deficits) and provide suggestions for improvement.',8,NULL),(170,8,'Which resource provides a list of known vulnerabilities for security professionals to explore?','MCQ','[\"CERT Secure Coding Initiative\", \"CVE Database\", \"BSIMM Domain Report\", \"SDLC Framework\"]','CVE Database','The CVE (Common Vulnerabilities and Exposures) database is a list of known vulnerabilities used for reference in security engineering.',9,NULL),(171,9,'What is the primary defining characteristic of a Legacy Information System (LIS) according to the lecture?','MCQ','[\"The system is more than 20 years old\", \"The system resists modification and evolution to meet new requirements\", \"The system uses only relational database management systems\", \"The system has fewer than 100,000 lines of code\"]','The system resists modification and evolution to meet new requirements','An LIS is defined by its critical role combined with its significant resistance to change and evolution, rather than just its age.',0,NULL),(172,9,'Which strategy involves encapsulating a legacy component within a new software layer without modifying its internal code?','MCQ','[\"Cold Turkey migration\", \"Database Reverse Engineering\", \"Wrapping\", \"Data Cleaning\"]','Wrapping','Wrapping is a strategy that encapsulates the legacy component to provide a modern interface while keeping the core internal code unchanged.',1,NULL),(173,9,'According to the lecture, what is a major limitation of the wrapping strategy?','MCQ','[\"It requires a complete rewrite of the legacy code\", \"It is only compatible with modern NoSQL databases\", \"It does not solve inherent problems like outdated architecture or security vulnerabilities\", \"It takes 5 to 10 years to implement\"]','It does not solve inherent problems like outdated architecture or security vulnerabilities','Wrapping provides a new interface but the \'flawed engine\' of the legacy system, including its security and architectural issues, remains the same.',2,NULL),(174,9,'Which type of wrapper allows a modern application to query a legacy database by translating modern queries into the legacy format?','MCQ','[\"Backward Wrapper (b-wrapper)\", \"Forward Wrapper (f-wrapper)\", \"System Service Wrapper\", \"Function Wrapper\"]','Forward Wrapper (f-wrapper)','Forward wrappers translate modern queries into a format the legacy database understands, enabling modern apps to access old data.',3,NULL),(175,9,'According to Harry Sneed\'s classification, which of the following represents the highest level of encapsulation granularity?','MCQ','[\"Procedure\", \"Transaction\", \"Module\", \"Process\"]','Process','The five levels from lowest to highest are: Procedure, Module, Progress, Transaction, and Process.',4,NULL),(176,9,'In the context of migration, what is the primary goal of Database Reverse Engineering (DBRE)?','MCQ','[\"To delete corrupt data from the legacy system\", \"To recover the conceptual schema that expresses the underlying semantics of the data structure\", \"To automatically generate new application code\", \"To move data from the legacy system to a cloud provider\"]','To recover the conceptual schema that expresses the underlying semantics of the data structure','DBRE is the first phase of schema conversion, necessary to understand the semantics of often poorly documented or degraded legacy structures.',5,NULL),(177,9,'During the \'Data Conversion\' step of migration, what is the purpose of \'data cleaning\' (scrubbing)?','MCQ','[\"To encrypt data for security purposes\", \"To translate COBOL code into Java\", \"To identify and fix or discard corrupt or inconsistent data\", \"To increase the speed of the Extract, Transform, Load (ETL) process\"]','To identify and fix or discard corrupt or inconsistent data','Data cleaning occurs during the transformation stage of ETL to ensure the data fits the new target database model and is free of inconsistencies.',6,NULL),(178,9,'Which migration method is described as a high-risk, one-time cutover suitable only for small, less complex systems?','MCQ','[\"Chicken Little\", \"Database First\", \"Cold Turkey\", \"Forward Wrapping\"]','Cold Turkey','The Cold Turkey method replaces the entire system at once, which carries a high risk of failure and is usually only appropriate for simple systems.',7,NULL),(179,9,'Which of the following is NOT one of the three event-driven modules found within a wrapper architecture?','MCQ','[\"Message handler\", \"Interface converter\", \"I/O emulator\", \"Data scrubber\"]','Data scrubber','The lecture specifies that a wrapper consists of a message handler, an interface converter, and an I/O emulator. Data scrubbing is a part of the migration process, not the wrapper architecture.',8,NULL),(180,9,'What is the recommended approach for program conversion during migration to simplify testing?','MCQ','[\"Adding as many new features as possible to justify the cost\", \"Leaving core functionality unchanged so outputs can be directly compared\", \"Changing the business logic entirely to match modern standards\", \"Only migrating the database and deleting the old programs\"]','Leaving core functionality unchanged so outputs can be directly compared','Keeping functionality the same allows for straightforward verification by comparing the outputs of the legacy and target systems.',9,NULL);
/*!40000 ALTER TABLE `QuizQuestion` ENABLE KEYS */;
UNLOCK TABLES;

--
-- Table structure for table `QuizSet`
--

DROP TABLE IF EXISTS `QuizSet`;
/*!40101 SET @saved_cs_client     = @@character_set_client */;
/*!50503 SET character_set_client = utf8mb4 */;
CREATE TABLE `QuizSet` (
  `id` int NOT NULL AUTO_INCREMENT,
  `userId` int NOT NULL,
  `summaryId` int NOT NULL,
  `title` varchar(191) COLLATE utf8mb4_unicode_ci NOT NULL,
  `settings` json DEFAULT NULL,
  `createdAt` datetime(3) NOT NULL DEFAULT CURRENT_TIMESTAMP(3),
  `published` tinyint(1) NOT NULL DEFAULT '0',
  `shareToken` varchar(64) COLLATE utf8mb4_unicode_ci DEFAULT NULL,
  `acceptingResponses` tinyint(1) NOT NULL DEFAULT '0',
  `closesAt` datetime(3) DEFAULT NULL,
  PRIMARY KEY (`id`),
  UNIQUE KEY `QuizSet_shareToken_key` (`shareToken`),
  KEY `QuizSet_userId_idx` (`userId`),
  KEY `QuizSet_summaryId_idx` (`summaryId`),
  CONSTRAINT `QuizSet_summaryId_fkey` FOREIGN KEY (`summaryId`) REFERENCES `Summary` (`id`) ON DELETE CASCADE ON UPDATE CASCADE,
  CONSTRAINT `QuizSet_userId_fkey` FOREIGN KEY (`userId`) REFERENCES `User` (`id`) ON DELETE CASCADE ON UPDATE CASCADE
) ENGINE=InnoDB AUTO_INCREMENT=10 DEFAULT CHARSET=utf8mb4 COLLATE=utf8mb4_unicode_ci;
/*!40101 SET character_set_client = @saved_cs_client */;

--
-- Dumping data for table `QuizSet`
--

LOCK TABLES `QuizSet` WRITE;
/*!40000 ALTER TABLE `QuizSet` DISABLE KEYS */;
INSERT INTO `QuizSet` VALUES (1,4,2,'Quiz for 2nd testing','{\"model\": \"DeepSeek\", \"difficulty\": \"Medium\", \"focusAreas\": [\"Important concepts\"], \"numQuestions\": 10, \"questionTypes\": [\"MCQ\", \"True/False\"], \"generationMode\": \"Strict\"}','2026-03-31 15:37:17.429',0,NULL,0,NULL),(2,4,5,'Quiz for LU8- Funding and Financing New Ventures','{\"model\": \"Gemini\", \"difficulty\": \"Medium\", \"focusAreas\": [\"Important concepts\"], \"numQuestions\": 10, \"questionTypes\": [\"MCQ\"], \"generationMode\": \"Strict\"}','2026-04-08 00:13:04.301',1,'6bf5f65d61ed57e0b6424351ba20beab23320a9e78e0dbd9',0,'2026-06-04 07:00:00.000'),(3,4,1,'Quiz for LU8- Funding and Financing New Ventures','{\"model\": \"Gemini\", \"quizMode\": \"Practice\", \"timeLimit\": 2, \"difficulty\": \"Hard\", \"focusAreas\": [\"Important concepts\"], \"numQuestions\": 10, \"questionTypes\": [\"MCQ\", \"True/False\", \"FillInBlanks\"], \"answerShowMode\": \"Immediately\", \"generationMode\": \"Strict\"}','2026-04-14 10:23:20.868',0,NULL,0,NULL),(4,12,12,'Quiz for FYP 1 report ','{\"model\": \"Gemini\", \"quizMode\": \"Practice\", \"timeLimit\": 20, \"difficulty\": \"Hard\", \"focusAreas\": [\"Important concepts\", \"Key definitions\", \"Processes\", \"Comparisons\"], \"numQuestions\": 100, \"questionTypes\": [\"MCQ\"], \"answerShowMode\": \"Immediately\", \"generationMode\": \"Strict\"}','2026-05-08 05:42:23.783',0,NULL,0,NULL),(5,4,16,'Quiz for Chapter 5-White-Box','{\"model\": \"Gemini\", \"quizMode\": \"Practice\", \"timeLimit\": 0, \"difficulty\": \"Medium\", \"focusAreas\": [\"Important concepts\"], \"numQuestions\": 10, \"questionTypes\": [\"MCQ\"], \"answerShowMode\": \"Immediately\", \"generationMode\": \"Strict\"}','2026-05-16 16:33:19.417',1,'76942204258b4eaa7a10cace04e8d8b6dbb1f30268c359d8',1,NULL),(6,4,7,'Quiz for Lecture 2 Risk Management Framework','{\"model\": \"Gemini\", \"quizMode\": \"Practice\", \"timeLimit\": 0, \"difficulty\": \"Medium\", \"focusAreas\": [\"Important concepts\"], \"numQuestions\": 10, \"questionTypes\": [\"MCQ\"], \"answerShowMode\": \"Immediately\", \"generationMode\": \"Strict\"}','2026-05-16 16:45:44.742',0,NULL,0,NULL),(7,4,7,'Quiz for Lecture 2 Risk Management Framework','{\"model\": \"DeepSeek\", \"quizMode\": \"Practice\", \"timeLimit\": 0, \"difficulty\": \"Medium\", \"focusAreas\": [\"Important concepts\"], \"numQuestions\": null, \"questionTypes\": [\"MCQ\"], \"answerShowMode\": \"Immediately\", \"generationMode\": \"Strict\"}','2026-06-06 13:04:59.301',0,NULL,0,NULL),(8,4,7,'Quiz for Lecture 2 Risk Management Framework','{\"model\": \"Gemini\", \"quizMode\": \"Assessment\", \"timeLimit\": 0, \"difficulty\": \"Medium\", \"focusAreas\": [\"Important concepts\"], \"numQuestions\": 10, \"questionTypes\": [\"MCQ\"], \"answerShowMode\": \"Immediately\", \"generationMode\": \"Strict\"}','2026-06-06 13:11:16.607',0,NULL,0,NULL),(9,14,18,'Quiz for Lecture 7 - Legacy Information System','{\"model\": \"Gemini\", \"showHints\": true, \"timeLimit\": 0, \"difficulty\": \"Medium\", \"focusAreas\": [\"Important concepts\"], \"numQuestions\": 10, \"questionTypes\": [\"MCQ\"], \"answerShowMode\": \"After submission\", \"generationMode\": \"Strict\"}','2026-06-06 15:26:00.260',1,'0b6ac168b2aae232172aed3812c14977083e857a4b74b95d',0,NULL);
/*!40000 ALTER TABLE `QuizSet` ENABLE KEYS */;
UNLOCK TABLES;

--
-- Table structure for table `SlideDeck`
--

DROP TABLE IF EXISTS `SlideDeck`;
/*!40101 SET @saved_cs_client     = @@character_set_client */;
/*!50503 SET character_set_client = utf8mb4 */;
CREATE TABLE `SlideDeck` (
  `id` int NOT NULL AUTO_INCREMENT,
  `userId` int NOT NULL,
  `summaryId` int NOT NULL,
  `title` varchar(512) COLLATE utf8mb4_unicode_ci NOT NULL,
  `alaiGenerationId` varchar(128) COLLATE utf8mb4_unicode_ci NOT NULL,
  `pptxUrl` varchar(2048) COLLATE utf8mb4_unicode_ci NOT NULL,
  `createdAt` datetime(3) NOT NULL DEFAULT CURRENT_TIMESTAMP(3),
  `pdfUrl` varchar(2048) COLLATE utf8mb4_unicode_ci DEFAULT NULL,
  `provider` varchar(32) COLLATE utf8mb4_unicode_ci DEFAULT NULL,
  `providerDeckId` varchar(256) COLLATE utf8mb4_unicode_ci DEFAULT NULL,
  PRIMARY KEY (`id`),
  KEY `SlideDeck_summaryId_idx` (`summaryId`),
  KEY `SlideDeck_userId_idx` (`userId`),
  CONSTRAINT `SlideDeck_summaryId_fkey` FOREIGN KEY (`summaryId`) REFERENCES `Summary` (`id`) ON DELETE CASCADE ON UPDATE CASCADE,
  CONSTRAINT `SlideDeck_userId_fkey` FOREIGN KEY (`userId`) REFERENCES `User` (`id`) ON DELETE CASCADE ON UPDATE CASCADE
) ENGINE=InnoDB AUTO_INCREMENT=9 DEFAULT CHARSET=utf8mb4 COLLATE=utf8mb4_unicode_ci;
/*!40101 SET character_set_client = @saved_cs_client */;

--
-- Dumping data for table `SlideDeck`
--

LOCK TABLES `SlideDeck` WRITE;
/*!40000 ALTER TABLE `SlideDeck` DISABLE KEYS */;
INSERT INTO `SlideDeck` VALUES (2,4,7,'Testing My Summary Website','d15d9063-233f-45c6-bb82-ae6f0d52d8f1','https://ya3r7wmpmfldf8ys.private.blob.vercel-storage.com/slides/4/7/1777515279307-testing_my_summary_website.pptx?download=1','2026-04-30 02:14:42.302',NULL,NULL,NULL),(3,4,2,'Test the capability of summarization','2c1787fd-e1c9-4d7e-8c53-5a79a3e0dfff','https://ya3r7wmpmfldf8ys.private.blob.vercel-storage.com/slides/4/2/1777629789093-test_the_capability_of_summarization.pptx?download=1','2026-05-01 10:03:09.284',NULL,NULL,NULL),(4,4,9,'AI Presentation & Slides Generation API & MCP Server _ 2Slides','6246a11a-3b22-4d08-ba54-35cfcfae3aa2','slides/4/9/1779025972619-ai_presentation_slides_generation_api_mcp_server_2slides.pptx','2026-05-17 13:52:58.858',NULL,'alai','6246a11a-3b22-4d08-ba54-35cfcfae3aa2'),(5,4,16,'Chapter 5-White-Box','HT4XlD7a3wmzkN1YrFfnD','slides/4/16/1779063889801-chapter_5_white_box.pptx','2026-05-18 00:24:51.190',NULL,'2slides','HT4XlD7a3wmzkN1YrFfnD'),(6,4,16,'Chapter 5-White-Box','dJF2FY2p0gGWrfXU-IlzS','slides/4/16/1779064014494-chapter_5_white_box.pptx','2026-05-18 00:26:56.410',NULL,'2slides','dJF2FY2p0gGWrfXU-IlzS'),(7,4,16,'Chapter 5-White-Box','6d29ddeb-bc9f-4ff3-8097-27cee41e6dab','slides/4/16/1779065248795-chapter_5_white_box.pptx','2026-05-18 00:48:02.841','slides/4/16/1779065268848-chapter_5_white_box.pdf','alai','6d29ddeb-bc9f-4ff3-8097-27cee41e6dab'),(8,13,17,'Lecture 4_Change Control  Release Management_Updated Nov25','346318f3-5c40-44ca-8339-37413c0d23e4','slides/13/17/1780462610448-lecture_4_change_control_release_management_updated_nov25.pptx','2026-06-03 04:56:54.223','slides/13/17/1780462613187-lecture_4_change_control_release_management_updated_nov25.pdf','alai','346318f3-5c40-44ca-8339-37413c0d23e4');
/*!40000 ALTER TABLE `SlideDeck` ENABLE KEYS */;
UNLOCK TABLES;

--
-- Table structure for table `Summary`
--

DROP TABLE IF EXISTS `Summary`;
/*!40101 SET @saved_cs_client     = @@character_set_client */;
/*!50503 SET character_set_client = utf8mb4 */;
CREATE TABLE `Summary` (
  `id` int NOT NULL AUTO_INCREMENT,
  `userId` int NOT NULL,
  `title` varchar(191) COLLATE utf8mb4_unicode_ci NOT NULL,
  `model` varchar(191) COLLATE utf8mb4_unicode_ci NOT NULL,
  `summarizeFor` varchar(191) COLLATE utf8mb4_unicode_ci NOT NULL,
  `prompt` varchar(191) COLLATE utf8mb4_unicode_ci DEFAULT NULL,
  `output` longtext COLLATE utf8mb4_unicode_ci NOT NULL,
  `createdAt` datetime(3) NOT NULL DEFAULT CURRENT_TIMESTAMP(3),
  `pinned` tinyint(1) NOT NULL DEFAULT '0',
  `pinnedAt` datetime(3) DEFAULT NULL,
  `publishedYearFrom` int DEFAULT NULL,
  `publishedYearTo` int DEFAULT NULL,
  PRIMARY KEY (`id`),
  KEY `Summary_userId_pinned_pinnedAt_idx` (`userId`,`pinned`,`pinnedAt`),
  CONSTRAINT `Summary_userId_fkey` FOREIGN KEY (`userId`) REFERENCES `User` (`id`) ON DELETE RESTRICT ON UPDATE CASCADE
) ENGINE=InnoDB AUTO_INCREMENT=20 DEFAULT CHARSET=utf8mb4 COLLATE=utf8mb4_unicode_ci;
/*!40101 SET character_set_client = @saved_cs_client */;

--
-- Dumping data for table `Summary`
--

LOCK TABLES `Summary` WRITE;
/*!40000 ALTER TABLE `Summary` DISABLE KEYS */;
INSERT INTO `Summary` VALUES (1,4,'LU8- Funding and Financing New Ventures','gemini','student',NULL,'# Summary: Funding and Financing New Ventures\n\nThis guide outlines how start-ups find the money (capital) they need to grow, the different types of financing available, and the pros and cons of each.\n\n---\n\n## 1. What is a \"Start-up\"?\nA start-up is more than just a new business. It is defined as:\n*   **The Early Stage:** A company in its first phase of operations.\n*   **Search for a Model:** An organization formed to find a business model that is both **repeatable** and **scalable** (can grow large).\n*   **High Growth:** Often associated with technology and rapid development, though they can exist in any industry.\n\n---\n\n## 2. Debt vs. Equity: Two Ways to Get Money\nEvery entrepreneur must decide between borrowing money or selling a piece of the company.\n\n### Debt Financing (The Loan)\n*   **What it is:** Borrowing money that must be paid back with interest.\n*   **Sources:** Commercial banks, trade credit from suppliers, or finance companies.\n*   **Pros:** You keep 100% ownership and control of your business.\n*   **Cons:** You must make regular monthly payments regardless of whether you are making a profit. This can cause cash-flow stress.\n\n### Equity Financing (The Partnership)\n*   **What it is:** Selling a portion of ownership in the company in exchange for cash.\n*   **Sources:** Venture capitalists, Angel investors, or going public (IPO).\n*   **Pros:** There is no \"payback\" or interest. If the business fails, you don\'t owe the money back.\n*   **Cons:** You must share your profits and give up some control over decision-making.\n\n---\n\n## 3. Common Sources of Funding\nStart-ups typically look for money in this order:\n\n*   **Personal Funds (The \"4Fs\"):** Founders, Family, Friends, and \"Foolhardy\" investors. This is the most common starting point.\n*   **Seed Capital:** The very first \"round\" of investment used for early research, product development, and building a business plan.\n*   **Angel Investors:** Wealthy individuals who invest their own money. They often provide mentorship but may offer less money than large firms.\n*   **Venture Capital (VC):** Professional firms that manage large pools of money. They provide huge sums of capital and expert consulting but are very selective.\n*   **Public Offerings (IPO):** Selling shares to the general public. This raises the most money but is very expensive and involves strict legal rules.\n\n---\n\n## 4. Crowdfunding\nCrowdfunding uses the internet to collect small amounts of money from a large group of people.\n*   **Types:** Can be reward-based (like Kickstarter) or **Equity Crowdfunding** (where backers get a small piece of the company).\n*   **Benefits:** A fast way to raise money and test if the market likes your idea.\n*   **Risks:** You have to share your business secrets publicly, and there is no guarantee you will meet your funding goal.\n\n---\n\n## 5. Funding in the Malaysian Context\nThe Malaysian government provides specific support for entrepreneurs through various agencies:\n\n| Agency | Focus Area |\n| :--- | :--- |\n| **MARA** | Loans and equipment for SME entrepreneurs. |\n| **Bank Pertanian (BPM)** | Financial assistance for agriculture-related industries. |\n| **MIDF** | Financing for manufacturing and fixed assets. |\n| **MaGIC** | A hub for innovation and creativity to support the start-up ecosystem. |\n\n**Note:** Malaysia was the first country in ASEAN to introduce legal regulations for **Equity Crowdfunding**, making it a leader in digital fundraising for start-ups.','2026-03-07 09:12:14.795',0,NULL,NULL,NULL),(2,4,'2nd testing','deepseek:deepseek-chat','lecturer',NULL,'# Comprehensive Summary: Learning Unit 8 - Funding and Financing New Ventures\n\n## 1. Introduction and Learning Objectives\nThis learning unit focuses on the critical aspects of funding and financing for new entrepreneurial ventures. The primary learning outcomes include:\n- Defining the term \"start-up\"\n- Differentiating between debt and equity financing methods\n- Discussing typical financing approaches for start-ups\n- Identifying factors contributing to successful venture funding\n\n## 2. Definition and Nature of Start-ups\n\n### 2.1 Multiple Definitions of \"Start-up\"\nThe document presents several complementary definitions:\n\n**Traditional Definition:**\n- A company in the first stage of its operations (new venture)\n- Involves transition from idea stage to securing financing\n- Historically associated with dotcom companies (late 1990s) - businesses relying primarily on Internet commerce\n\n**Steve Blank\'s Definition:**\n- \"An organization formed to search for a repeatable and scalable business model\"\n- Emphasizes the experimental nature of early-stage ventures\n\n**US Legal Definition:**\n- Generally newly-created organizations in development and research phases\n- Limited operating history\n- Often associated with high-growth, technology-oriented companies\n- **Important nuance:** Can include non-technology oriented companies\n\n### 2.2 Types of Ideas that Develop Start-ups\nBased on Longenecker (2010), the document categorizes start-up ideas, though specific categories are not detailed in the provided excerpt.\n\n## 3. The Search for Capital: Fundamental Challenge\n\n### 3.1 Core Question\nEvery entrepreneur faces the fundamental question: **\"Where to find start-up capital?\"**\n\n**Definition of Capital:**\n- Wealth in the form of money or other assets owned by a person or organization\n- Available for purposes such as starting a company or investing\n\n### 3.2 Funding Possibilities\n- Multiple possibilities exist, often in combination\n- Critical understanding required of:\n  - Various capital sources\n  - Investor expectations\n  - Funding requirements\n  - What is expected from entrepreneurs applying for funds\n\n## 4. Comprehensive Funding Sources\n\n### 4.1 Owner\'s Money\n- Derived from entrepreneur\'s personal funds:\n  - Personal savings\n  - Credit card advances\n  - Home equity loans\n  - Family and friends contributions\n- **Strategic advantage:** Using personal funds builds investor/lender confidence\n- **Risk:** Complete loss if business fails\n\n### 4.2 Family, Friends, and Informal Investors (The \"4Fs\")\n- Friends, family, founders/co-founders, and \'foolhardy\' investors\n- **Global Entrepreneurship Monitor (GEM) findings:**\n  - Strangers expect higher returns than parents\n  - Men expect higher returns than women\n  - Entrepreneurs expect higher returns than non-entrepreneurs\n  - Older persons expect higher returns than younger ones\n  - Entrepreneurs expect higher returns on their own businesses than others\'\n\n### 4.3 Angel Investors\n- Wealthy individuals or groups investing personal money for equity\n- **Motivations:**\n  - Job creation\n  - Technology development for social needs\n  - Urban revitalization\n  - Minority/disadvantaged assistance\n  - Personal satisfaction\n\n**Pros of Angel Investors:**\n1. Engage in smaller financial deals\n2. Prefer seed/start-up stages\n3. Invest across various industries\n4. Located in local geographic areas\n5. Genuinely interested in entrepreneurs\n\n**Cons of Angel Investors:**\n1. Limited additional investment capacity\n2. No national image enhancement\n3. Limited important contacts for future leverage\n4. May want decision-making involvement\n5. Increasing investment sophistication\n\n### 4.4 Seed Capital\n- Very early-stage investment (\"seed\" suggests earliest phase)\n- Largest early stage venture fund category\n- Essential for getting businesses off the ground\n- **Characteristics:**\n  - High-risk investment\n  - Typically from owners, friends, family\n  - Supports preliminary activities (market research, product R&D, business plan development)\n  - Often obtained in exchange for equity stake with less formal contractual overhead\n  - Demonstrates feasibility to attract larger investments\n\n### 4.5 Venture Capital\n- Professional, experienced investors managing funds for others\n- **Services provided beyond capital:**\n  - Market research assistance\n  - Management consulting\n  - Contact networks\n  - Negotiation assistance\n  - Counseling and guidance\n\n### 4.6 Public Offerings\n\n**Advantages:**\n- **Speed:** Fast way to raise large capital amounts\n- **Liquidity:** Public market provides stock liquidity for owners\n- **Valuation:** Marketplace establishes company stock value\n- **Image:** Enhanced corporate image with suppliers, financiers, customers\n\n**Disadvantages:**\n- **Costs:** Significantly higher expenses than other sources\n- **Disclosure:** Mandatory public disclosure of company affairs\n- **Requirements:** Extensive paperwork draining management time/energy\n- **Shareholder pressure:** Ongoing performance expectations\n\n### 4.7 Private Placements\n- Direct Public Offering (DPO): Selling securities to private parties\n- Targets: Friends, employees, customers, relatives, local professionals\n\n### 4.8 Government Programs (Malaysia Context)\n- Various agencies providing financial support:\n\n| Agency | Financial Facility |\n|--------|-------------------|\n| Majlis Amanah Rakyat (MARA) | Loans and equipment to SME entrepreneurs |\n| Commercial banks | Loans allocated by Central Bank of Malaysia (BNM) |\n| Bank Pembangunan dan Infrastruktur Malaysia Berhad (BPIMB) | Financial credit to industrial businesses |\n| Malaysian Industrial Development Finance Berhad (MIDF) | Fixed asset financing for manufacturers |\n| Bank Pertanian Malaysia (BPM) | Financial assistance and equipment for agriculture-related industries |\n\n## 5. Debt Financing vs. Equity Financing\n\n### 5.1 Debt Financing\n**Definition:** Involves payback of funds plus interest/fee\n\n**Characteristics:**\n- Often a necessity rather than choice\n- **Borrowing periods:**\n  - Short-term (≤1 year)\n  - Long-term (1-5 years, or >5 years)\n- Typically finances property/equipment purchases (serving as collateral)\n- Most common source: Commercial banks\n\n**Debt Financing Sources:**\n- **Trade credit:** Supplier credit for goods on account\n- **Accounts receivable financing:** Short-term financing against customer claims\n- **Factoring:** Sale of accounts receivable at discounted values\n- **Finance companies:** Asset-based lenders against receivables, inventory, equipment\n\n**Advantages of Debt Financing:**\n- No relinquishment of ownership required\n- Potential for greater return on equity with more borrowing\n- Low interest rates reduce opportunity cost of borrowing\n\n**Disadvantages of Debt Financing:**\n- Regular monthly interest payments required\n- Intensifies cash-flow problems due to payback responsibility\n- Heavy debt use can inhibit growth and development\n\n### 5.2 Equity Financing\n**Definition:** Involves sale of ownership in business\n\n**Characteristics:**\n- No legal obligation to repay principal or interest\n- Requires sharing ownership and profits\n- Safer than debt financing (no repayment obligation)\n- **Major sources:**\n  - Public stock offerings\n  - Private placements\n\n**Key Distinction:** Equity financing involves giving up ownership, while debt financing does not.\n\n## 6. Bank and Financial Institution Financing\n\n### 6.1 Types of Financing\n\n**Long-term Financing:**\n- Period: 5-25 years\n- Purpose: Finance fixed assets (land, buildings, machinery, office equipment)\n\n**Medium-term Financing:**\n- Period: 1-8 years\n- Purpose: Finance hire purchase, lease, and loan agreements\n\n**Short-term Financing:**\n- Period: ≤1 year\n- Purpose: Working capital\n\n## 7. Crowdfunding: Emerging Financing Method\n\n### 7.1 Definition and Characteristics\n- Uses Internet for collective contributions to support projects\n- Also known as: peer-to-peer lending, banking 2.0, social lending\n- New method for start-ups to raise capital\n\n### 7.2 Potential Risks\n- **Low funding success rate**\n- **Business plan disclosure** requirements\n- **No ongoing counseling relationship** (entrepreneurs don\'t receive advice/experience)\n- **Potential tax liability** (investments may be viewed as taxable gifts)\n- **Uncertain regulatory environment**\n\n### 7.3 Top Crowdfunding Platforms\n- **pitchIN** (Malaysia): Equity crowdfunding for private companies\n- **GoFundMe:** Over USD 1 billion raised\n- **Indiegogo**\n- **Kickstarter**\n- **Teespring**\n- **CrowdRise**\n- **Kiva**\n\n### 7.4 Malaysian Crowdfunding Context\n- **First in ASEAN** to implement crowdfunding laws\n- **Capital Markets and Services Bill 2015** encourages Equity Crowdfunding\n- **Crowdfunding amount:** RM 3-5 million\n- **Approved Equity Crowdfunding Players** (Securities Commission):\n  - Alix Global\n  - Ata Plus\n  - Crowdonomic\n  - Eureeca\n  - pitchIN\n  - Propellar Crowd+\n- Expected commencement: End of 2015\n\n## 8. Malaysia Global Innovation and Creativity Centre (MaGIC)\n- **Vision:** \"To make Malay...\" (incomplete in document)\n- Implied focus on supporting innovation and entrepreneurship in Malaysia\n\n## 9. Key Concepts and Terminology\n\n### 9.1 Important Definitions\n- **Relinquishment:** Verbal act of renouncing a claim, right, or position\n- **Initial Public Offering (IPO):** Corporation\'s capital raising','2026-03-12 08:25:11.372',0,NULL,NULL,NULL),(3,6,'01 - FYP1 Briefing 13 October 2025','chatgpt:gpt-4o','student',NULL,'# Final Year Project 1 Overview\n\n## Course Information\n- **Course Code:** TMF 4913\n- **Course Name:** Final Year Project I\n- **Coordinator:** Wang Yin Chai\n- **Lecturer:** Chiew Kang Leng\n\n## Key Materials\n- Course Outline\n- Assessment Rubric\n- Sample Paper Format\n- FYP1 Report and Proposal Guides\n\n## FYP Management System\n- **Website:** [fcsitfyp.unimas.my/fypsystem](http://fcsitfyp.unimas.my/fypsystem)\n\n## To-Do List for Final Year Project 1\n1. **Identify Project Title and Supervisor:**\n   - Draft a brief project description including the title, supervisor, basic skills needed, problem statement, objectives, expected outcomes, and key references (max 2 pages).\n2. **Prepare Full Research Proposal:**\n   - Include sections like Introduction, Background Study/Literature Review, Methodology, Requirement Analysis & Design (max 8 pages).\n\n## Proposal Requirements\n- **Full Proposal Includes:**\n  - Project Title, Introduction/Background, Problem Statement, Scope, Aims, Methodology, Significance, Schedule, Expected Outcomes.\n- **Approval Process:**\n  - Supervisor approves the brief project description by 25th October 2025.\n  - Reviewers give feedback by 31st October 2025.\n  - Submit the full proposal by 8th November 2025.\n  - Note: Once approved, project titles cannot be changed.\n\n## FYP 1 Progress Monitoring\n- **Important Dates:**\n  - 25 October 2025: Approved Brief Proposal Submission\n  - 31 October 2025: Reviewer Feedback\n  - 8 November 2025: Full Proposal Submission\n  - 3 January 2026: Final Report Submission (Chapters 1-3)\n  - 12-13 January 2026: FYP Symposium\n  - 8 February 2026: Final Report Submission after Amendments\n\n## Report Structure\n- **Chapter Arrangement:**\n  - Chapter 1: Introduction\n  - Chapter 2: Background/Literature Review/State of Art\n  - Chapter 3: Methodology/Requirement Analysis and Design\n- **Final Report Content:**\n  - Title page, Table of contents, List of tables, figures, equations, and References\n\n## Assessment and Presentation\n- **Assessment Criteria:**\n  - Quality of report, understanding of subject, methodology, results, innovative solutions, and presentation.\n- **Symposium Details:**\n  - 30-minute presentation (15 minutes general, 15 minutes on solution/design).\n\n## Important Reminders\n- Officially register for the course with the faculty.\n- Register in the FYP System.\n- Submit progress reports in the FYP System.\n- Final Report must be approved by the supervisor.\n- Prepare a pre-recorded presentation for assessment.\n\nFollowing these guidelines will ensure compliance with the course requirements and help in successfully completing the Final Year Project.','2026-03-16 08:11:52.118',0,NULL,NULL,NULL),(4,4,'AFB.EFC_.3.5 Funding For Project Formulation Costs','gemini:gemini-2.5-flash','lecturer',NULL,'This document, AFB/EFC.3/5 dated December 7, 2010, details the Adaptation Fund Board\'s discussions and subsequent mandate regarding \"Funding for Project Formulation Costs.\" It serves as a response by the secretariat to refine policies for Project Formulation Grants (PFG), incorporating guidance from the Board\'s eleventh meeting and surveying practices by other global funds.\n\n---\n\n## Detailed Summary: Funding for Project Formulation Costs (AFB/EFC.3/5)\n\n### I. Background and Board Mandate\n\nThe document originates from the Adaptation Fund Board\'s eleventh meeting, where discussions focused on the policy and procedures for providing project formulation grants (PFG). The Board had reached several key agreements and issued a mandate for further work:\n\n#### A. Key Agreements from the Eleventh Meeting:\n1.  **Timing of Grants:** Project formulation grants (PFG) should only be disbursed once a project concept has been officially approved.\n2.  **Differentiation for Implementing Entities:** Consideration should be given to distinguishing between National Implementing Entities (NIEs) and Multilateral Implementing Entities (MIEs), acknowledging that some NIEs might face financial constraints in developing project or program proposals.\n3.  **Grant Structure:** A flat rate should be established for project formulation costs.\n4.  **Eligible Activities:** A comprehensive list of eligible activities and items for PFG funding needed to be prepared.\n5.  **Additionality:** The PFG grant should be *additional* to the overall project cost, not part of it.\n6.  **Fate of Unused Funds:** A clear policy was required to determine the fate of funds provided for formulation if the final project document were to be rejected.\n\n#### B. Proposed Tiered System for Project Concept Endorsement:\nThe Board reached a consensus on considering a three-tiered system for endorsing project concepts in conjunction with PFG:\n*   Endorse a project concept with a specified PFG amount.\n*   Endorse a project concept without a PFG amount.\n*   Reject the project concept entirely.\n\n#### C. Secretariat\'s Mandate:\nFollowing these discussions, the Board formally requested the secretariat to:\n1.  **Reformulate the Document:** Revise the existing \"Funding for Project Formulation Costs\" document (AFB/11/6).\n2.  **Comparative Analysis:** Include a comparison of eligible activities provided by other global funds for project formulation grants.\n3.  **Incorporate Guidance:** Integrate the guidance provided by the Board during the eleventh meeting.\n4.  **Submission:** Submit the reformulated document to the Board at its twelfth meeting, specifically through the Ethic and Finance Committee (EFC).\n\n#### D. EFC\'s Role:\nThe Ethic and Finance Committee (EFC) was tasked with reviewing and finalizing the process and policy of the project formulation grant, with particular focus on:\n*   The issue of unspent project funds.\n*   The procedures followed by other global funds concerning project preparation funding.\n*   The determination and establishment of a flat-rate for these grants.\n\nThis document (AFB/EFC.3/5) was prepared by the secretariat directly in response to this mandate.\n\n### II. Practices by Global Funds on Project Formulation Funding\n\nThis section presents a comparative survey of the policies and practices of various global funds concerning the funding of project formulation activities. The review specifically covers the Global Environment Facility (GEF), the Strategic Climate Fund (SCF), the Multilateral Fund (Montreal Protocol), and the Global Alliance for Vaccines and Immunization (GAVI). However, detailed descriptions are only provided for GEF and SCF within this document excerpt.\n\n#### A. Global Environment Facility (GEF Trust Fund, LDCF, SCCF)\n\nThe GEF\'s policies for project formulation funding evolved significantly between its different replenishment cycles.\n\n##### 1. GEF-4 (2006-2010) Project Cycle and Project Preparation Grants (PPG):\nThe GEF-4 cycle introduced a streamlined two-step approval process:\n*   **Step 1 (Project Identification):** An Implementing Agency submits a Project Identification Form (PIF). The GEF Secretariat reviews it for inclusion, and the GEF Council approves it.\n*   **Step 2 (Full Project Document):** The Implementing Agency submits a full project document, which is reviewed by the GEF Secretariat, circulated to the Council, and finally endorsed by the GEF CEO.\n\n**Project Preparation Grant (PPG) Mechanics in GEF-4:**\n*   **Availability:** PPGs can be received *upfront* as soon as the PIF receives a positive review from the GEF Secretariat, even before formal Council approval. A formal request for PPG is required.\n*   **PPG Request Content:** Must include a detailed description of the project preparation activities and a clear timeframe, which must not exceed 22 months.\n*   **Eligible Activities:** Primarily finances consultant services necessary for project preparation, including their associated travel costs.\n*   **Ineligible Activities:** Explicitly excludes funding for pilot activities during the preparation phase and the cost of capital goods (e.g., offices, cars).\n*   **Grant Amount:** While no strict ceiling is defined, preparation grants typically range from **$50,000 to $350,000**, generally representing less than 5% of the total project amount.\n*   **Implementing Agency Fee:** A **10% fee** (calculated on the PPG amount) is immediately granted upfront to the Implementing Agency to cover oversight costs during project preparation. This is a significant difference from GEF-3.\n*   **Fate of Funds upon Cancellation:** In rare instances where a project is cancelled before CEO endorsement due to local circumstances, both the PIF and the associated PPG are cancelled. Any unused funding is returned to the Trustee. Importantly, funds that have already been *used* are **not reimbursed**.\n\n##### 2. GEF-3 (2002-2006) and Earlier Project Cycle with Project Development Facility (PDF):\nGEF-3 featured a three-step project cycle, offering different modalities for project development costs:\n*   **Step 1 (Concept Submission):** An Implementing Agency submits a project concept, reviewed by the Secretariat, and included in a project pipeline.\n*   **Step 2 (Work Program Inclusion):** A project document (not necessarily fully complete) is prepared and submitted by the Implementing Agency, reviewed by the GEF Secretariat for inclusion in a Work Program, and approved by the Council.\n*   **Step 3 (CEO Endorsement):** The fully prepared document, complete with execution arrangements and a full budget, is submitted by the Implementing Agency for GEF CEO endorsement.\n\n**Project Development Facility (PDF) Modalities in GEF-3:**\nGEF-3 provided three distinct types of Project Development Facility (PDF) grants at different stages:\n*   **PDF-A:** Available *before* Step 1 (i.e., before concept submission). This grant provided up to **$25,000** (later revised to $50,000) to assist countries in preparing a project concept.\n*   **PDF-B:** Available *before* Step 2 (i.e., after project inclusion in the pipeline). These grants supported the preparation of the full project document, with amounts up to **$350,000** for single-country projects and up to **$700,000** for multi-country or regional/global projects involving preparatory activities in multiple countries.\n*   **PDF-C:** Available *before* Step 3 (i.e., after Council approval), specifically for large projects requiring further detailed technical design and feasibility work. These grants could be up to **$1 million**.\n*   **Implementing Agency Fee:** An **agency fee of 9%** of the PDF amount was granted, but only *once the project was finally endorsed* by the GEF CEO. This contrasts with GEF-4\'s upfront fee.\n*   **Fate of Funds upon Cancellation:** If a project was cancelled during preparation in GEF-3, any unused PDF amount would be returned to the GEF Trust Fund.\n\n**Effectiveness Analysis (GEF-2 and GEF-3):**\nAn analysis of PDF-B and PDF-C grants approved between 1998 and 2006 (GEF-2 and GEF-3) demonstrated success:\n*   **Total Grants:** 708 project preparation grants were approved, totaling $227 million (against $5.7 billion in total project value for GEF-2 + GEF-3).\n*   **Success Rate:** A high success rate of **84% (595 out of 708)** resulted in full projects being developed, approved, and endorsed.\n*   **Dropped Projects:** The remaining PDFs, representing $34 million in funding, were associated with projects that were eventually dropped.\n\n#### B. Strategic Climate Fund (SCF)\n\nThe Strategic Climate Fund (SCF) comprises three targeted programs: the Pilot Program for Climate Resilience (PPCR), the Forest Investment Program (FIP), and the Scaling-up Renewable Energy Program in Low-Income Countries (SREP). Funding for these programs is channeled through five Multilateral Development Banks (MDBs).\n\n##### 1. Pilot Program for Climate Resilience (PPCR):\nThe PPCR employs a two-phase process for programming resources in pilot countries and regions:\n*   **Phase 1: SPCR Design (Strategic Program for Climate Resilience):**\n    *   **Objective:** To prepare an SPCR, which serves as an investment framework based on a country\'s climate change adaptation priorities.\n    *   **Process:** An initial joint mission involving the government and the MDB takes place, resulting in a work plan, timeline, and budget proposal for Phase 1 activities. This proposal is then submitted to the PPCR Sub-Committee for funding.\n    *   **Grant:** A grant of up to **$1.5 million** is suggested for these preparation activities, channeled through the MDB.\n    *   **Activities:** Countries, in collaboration with MDBs, prepare their SPCR, which may include climate risk analysis, institutional analysis, knowledge and awareness raising, key capacity building actions, and a consultative planning process to define a common vision and priority actions for climate resilience.\n    *   **Approval:** The final SPCR design, produced by a final joint mission, is approved by the PPCR Sub-Committee.\n*   **Phase 2: SPCR Implementation:**\n    *   **Objective:** To implement projects identified under the approved SPCR.\n    *   **Preparation Grants:** No specific ceiling is set for individual project preparation grants under Phase 2. However, these funds are *included within the overall envelope requested for the SPCR* (and thus within the country\'s total allocated funds).\n    *   **Disbursement:** Project preparation grants are disbursed upfront.\n    *   **Country Envelopes:** Average grant funds available per country pilot program range from **$40-50 million**, and for regional pilots, from **$60-75 million**.\n    *   **Concessional Loans:** Access to highly concessional loans is optional, with pilots able to access up to 20% of the total available concessional finance amount (this ceiling is subject to review).\n    *   **Project Approval:** Once the SPCR is approved, individual projects are approved by the PPCR Sub-Committee via decision-by-mail, and subsequently by the Board of the respective MDB.\n\n##### 2. Forest Investment Program (FIP):\nThe FIP utilizes a two-step process:\n*   **Step 1: Investment Strategy (IS) Development:**\n    *   **Process:** An Investment Strategy (IS), including initial project ideas, is developed through a joint mission process led by the government in collaboration with MDBs.\n    *   **Preparation Grant (for IS):** A preparation grant of up to **$250,000** is available for analytical and assessment activities required to develop a comprehensive IS. This funding is made available upfront and approved by the MDBs.\n    *   **IS Endorsement:** The FIP Investment Strategy is endorsed by the FIP Sub-Committee.\n    *   **Preparation Grants (for Projects under IS):** At the same time as IS endorsement, preparation grants for proposed projects and programs consistent with the IS can also be approved by the FIP Sub-Committee. No specific ceiling is defined for these project-level preparation grants; however, they are *included within the overall envelope requested for the Investment Strategy* (i.e., within the country’s allocated funds). These grants are disbursed upfront.\n    *   **Detailed Proposal Preparation:** The country and the MDB then proceed to prepare the individual investment proposals in detail.\n*   **Step 2: Implementation:**\n    *   **Project Approval:** Program or project proposals consistent with the endorsed IS are approved by the FIP Sub-Committee via decision-by-mail, and subsequently appraised and implemented by the respective MDBs.\n\n##### 3. Scaling-up Renewable Energy Program in Low-Income Countries (SREP):\nThe SREP also follows a two-phase process, similar to the PPCR:\n*   **Phase 1: Pre-Investment Support for Investment Plan Development:**\n    *   **Objective:** To prepare an Investment Plan, which provides an investment framework based on country priorities for creating new economic opportunities and increasing energy access through renewable energy.\n    *   **Process:** An initial MDB s... (The document content for SREP ends here, implying further details would follow regarding the process, grant amounts, and activities in Phase 1 and the subsequent Phase 2 for implementation.)\n\n---','2026-04-04 08:37:02.612',0,NULL,NULL,NULL),(5,4,'LU8- Funding and Financing New Ventures','chatgpt:gpt-4o','lecturer','focus on main keypoint','Here is a detailed summary of the document \"LU8- Funding and Financing New Ventures\":\n\n---\n\n# Funding and Financing New Ventures\n\n## Introduction\n\nThis learning unit aims to provide a comprehensive exploration into the world of start-ups, focusing predominantly on funding and financing methods. The objectives include defining what constitutes a start-up, differentiating between debt and equity financing, exploring how start-ups typically secure financing, and identifying the essential factors conducive to successful venture funding.\n\n---\n\n## Understanding Start-ups\n\n### Definition\n\nA start-up is an organization in its nascent stage, transitioning from an idea to executing operations, often with a focus on developing a scalable and repeatable business model (Steve Blank, technology entrepreneur).\n\n### Historical Context\n\nIn the late 1990s, many start-ups were \"dotcoms\" or online businesses capitalizing on internet commerce.\n\n### Types of Start-ups\n\nStart-ups span diverse sectors, from high-growth tech-oriented companies to non-technology endeavors, typically characterized by limited operating histories and engaging in market research and development.\n\n### Capital Search\n\nThe primary query for entrepreneurs is finding suitable start-up capital, which can come from various sources ranging from personal funds to complex financial mechanisms.\n\n---\n\n## Sources of Capital\n\n### Primary Sources\n\n- **Owner’s Money:** Entrepreneurs often use personal savings or credit to fuel the business, signifying commitment to potential investors.\n  \n- **Family and Friends:** Informal investments from social circles indicate trust but come with a high personal risk.\n\n### Institutional Sources\n\n- **Angel Investors:** Wealthy individuals interested in early-stage companies. They offer smaller, localized investments in exchange for equity but provide limited continual funding and access.\n\n- **Seed Capital:** Represents high-risk, early-stage investment for foundational activities like market and product research. \n\n- **Venture Capital:** Firms that provide not just funds but also offer market insights, managerial support, and strategic guidance to help start-ups grow.\n\n### Bank and Financial Institution Financing\n\n- **Debt Financing:** Banks offer loans characterized by interest repayments over varying terms. These encompass long-term (property or equipment), medium-term (hire purchase/loans), and short-term (working capital) financing.\n\n---\n\n## Debt vs. Equity Financing\n\n### Debt Financing\n\n- **Description:** Borrowing funds with an obligation to repay with interest without yielding business ownership.\n\n- **Pros:** Maintains full ownership, potentially higher returns on equity due to leverage.\n\n- **Cons:** Regular interest payments can strain cash flow and hinder business growth.\n\n### Equity Financing\n\n- **Description:** Entails selling part of the business to raise funds, indicating shared ownership and profit distribution.\n\n- **Pros:** Safer due to no repayment obligations but requires giving up some ownership.\n\n- **Common Sources:** Public stock offerings (IPO) and private placements (selling securities privately).\n\n---\n\n## Crowdfunding\n\n### Overview\n\nCrowdfunding utilizes online platforms to raise small capital amounts from numerous people – a contemporary method adaptive to new-time entrepreneurs.\n\n### Risks\n\nIncludes potential funding failure, business plan disclosure, lack of advisory relationships, tax implications, and regulatory uncertainties.\n\n### Prominent Platforms\n\nNotable platforms are Kickstarter, GoFundMe, and Indiegogo, each offering distinct funding models and audience reach.\n\n---\n\n## Special Focus: Crowdfunding in Malaysia\n\n### Legal Environment\n\nMalaysia pioneered crowdfunding legislation in the ASEAN region by passing laws encouraging equity-based crowdfunding, ensuring a regulated platform for entrepreneurs to raise capital effectively.\n\n### Key Players\n\nVarious operators like pitchIN and Ata Plus offer platforms regulated by Malaysia\'s Securities Commission, fostering an innovative space for start-up funding.\n\n---\n\n## Conclusion\n\nFinancing a new venture is a multifaceted endeavor requiring careful consideration of financial structures and participant incentives. Understanding the diverse funding mechanisms and strategically selecting appropriate ones is vital for entrepreneurs to translate their start-up ideas into successful businesses.','2026-04-08 00:08:49.144',0,NULL,NULL,NULL),(6,4,'LU8- Funding and Financing New Ventures','gemini:gemini-2.5-flash','lecturer',NULL,'This summary provides a deeper, lecture-ready overview of funding and financing new ventures, drawing directly from the provided document content. It emphasizes technical depth, context, methods, assumptions, limitations, and implications, with careful attribution to sources where specified in the original text.\n\n---\n\n## Funding and Financing New Ventures: A Comprehensive Overview for Technopreneurship\n\nThis unit explores the critical aspects of funding and financing new ventures, a foundational challenge for any entrepreneur. It distinguishes between key financing methodologies, outlines typical funding pathways for startups, and identifies crucial factors influencing successful capital acquisition.\n\n### 1. Defining a \'Start-up\'\n\nThe term \"start-up\" refers to a nascent company in the initial stages of its operations. It marks the pivotal transition from an entrepreneurial idea to securing financing and establishing a functional entity. While often associated with high-growth, technology-oriented firms, particularly the \"dotcoms\" prevalent in the late 1990s (Investopedia), the definition has evolved to encompass a broader scope.\n\nSteve Blank, a prominent technology entrepreneur and Stanford University associate professor, defines a start-up as **\"an organization formed to search for a repeatable and scalable business model\"** (https://steveblank.com/). This emphasizes the experimental and exploratory nature inherent in early-stage ventures. US Law and Legal Definitions generally characterize start-ups as newly created entities in a phase of development and market research, possessing a limited operating history. Importantly, Blank (2010) and US legal interpretations affirm that start-ups can come in all forms, including non-technology oriented companies, dispelling the misconception that the term is exclusive to the tech sector.\n\n### 2. The Search for Capital\n\nA universal challenge confronting every entrepreneur is \"WHERE TO FIND START-UP CAPITAL?\" Capital is broadly defined as wealth in the form of money or other assets owned by a person or organization, available for purposes such as starting a company or investing (Oxford Dictionary). Entrepreneurs face numerous possibilities for funding, which can involve a single source or a combination of financial packages. Success hinges on a comprehensive understanding of:\n*   The various sources of capital available.\n*   The expectations of these capital providers.\n*   The specific requirements for securing these funds.\n\n**Key Sources of Capital:**\nThe document identifies a wide array of potential funding avenues, including:\n*   Owner’s personal money\n*   Family and friends\n*   Angel investors\n*   Seed capital\n*   Commercial loans\n*   Public offerings\n*   Private placements\n*   Convertible debentures\n*   Venture capital\n*   Informal risk capital\n*   Government programs\n\n### 3. Debt Financing vs. Equity Financing: Fundamental Methods\n\nA critical distinction in venture financing lies between debt and equity financing. These methods carry distinct implications for ownership, repayment obligations, and risk profiles.\n\n#### 3.1. Debt Financing\n\nDebt financing involves borrowing funds that must be repaid, typically with a specified fee or interest, over a predetermined period. For many entrepreneurs, it is not merely a choice but a necessity.\n\n**Key Characteristics:**\n*   **Repayment Obligation:** Funds borrowed, plus interest, must be repaid.\n*   **Borrowing Period:** Can be short-term (a year or less), medium-term (1-5 years), or long-term (more than 5 years).\n*   **Collateral:** Often used to finance the purchase of property or equipment, which may serve as collateral against the loan.\n*   **Primary Source:** Commercial banks are the most common source of debt financing (Kuratko, 2014).\n\n**Sources of Debt Financing (Kuratko, 2014):**\n*   **Trade Credit:** Credit extended by suppliers for goods purchased on account.\n*   **Accounts Receivable Financing:** Short-term financing leveraging a business\'s claims against customers for unpaid balances.\n*   **Factoring:** The outright sale of accounts receivable to a third party at a discounted value.\n*   **Finance Companies:** Asset-based lenders that provide capital against assets such as receivables, inventory, and equipment.\n\n**Advantages of Debt Financing (Kuratko, 2014):**\n*   **No Relinquishment of Ownership:** Entrepreneurs retain full ownership and control, avoiding dilution.\n*   **Potential for Greater Return on Equity (ROE):** Leveraging borrowed capital can magnify returns for equity holders if the business generates profits exceeding the cost of debt.\n*   **Low Interest Rates:** Can reduce the opportunity cost of borrowing, making it an attractive option during periods of cheap credit.\n\n**Disadvantages of Debt Financing (Kuratko, 2014):**\n*   **Regular Payments:** Requires consistent (e.g., monthly) interest and principal payments, imposing a fixed financial burden.\n*   **Cash-Flow Intensification:** Can exacerbate existing cash-flow problems if the venture struggles, due to strict payback responsibilities.\n*   **Inhibition of Growth:** Heavy reliance on debt can constrain future growth and development if debt servicing consumes too much operational cash or if lenders perceive the business as over-leveraged.\n\n#### 3.2. Equity Financing\n\nEquity financing entails selling a portion of ownership in the business to investors in exchange for capital.\n\n**Key Characteristics:**\n*   **Ownership Dilution:** Entrepreneurs must cede a share of ownership and, consequently, future profits and control, to the funding source.\n*   **No Repayment Obligation:** Entrepreneurs have no legal obligation to repay the principal amount or interest to equity investors.\n*   **Risk Profile:** Considered \"safer\" than debt financing from the entrepreneur\'s perspective, as there are no fixed repayment demands that could trigger insolvency.\n\n**Major Sources of Equity Financing (Kuratko, 2014):**\n*   **Public Stock Offerings (Initial Public Offering - IPO):** A corporation raises capital by selling its securities on public markets. This is often the fastest way to raise large sums but comes with significant regulatory and cost burdens.\n*   **Private Placements (Direct Public Offering - DPO):** Securities are sold directly to private parties, such as friends, employees, customers, relatives, or local professionals. This is less regulated and typically less costly than an IPO.\n\n### 4. Detailed Funding Sources\n\nBeyond the fundamental debt-equity distinction, various specific funding sources cater to different stages and needs of a start-up.\n\n#### 4.1. Owner’s Money and Informal Investors\n\n*   **Owner’s Money:** Derived from an entrepreneur’s personal funds, including personal savings, credit card advances, and home equity loans. Utilizing personal funds demonstrates commitment and can build confidence among potential investors or lenders. However, it carries significant risk, as the entrepreneur stands to lose everything if the business fails (Sarimah Hanim & Soon, 2013).\n*   **Family, Friends, Informal Investors (4Fs):** This category includes founders/co-founders, family, friends, and \"foolhardy\" investors. Research by the Global Entrepreneurship Monitor (GEM) provides insights into their expectations (Frederick et al., 2013):\n    *   Strangers typically expect higher returns than parents.\n    *   Men generally expect higher returns than women.\n    *   Entrepreneurs anticipate higher returns than non-entrepreneurs.\n    *   Older individuals tend to expect higher returns than younger ones.\n    *   Entrepreneurs expect higher returns on investments in their own businesses compared to investments in other businesses.\n\n#### 4.2. Angel Investors\n\nAngel investors, also known as business angels or informal risk capitalists, are wealthy individuals or groups who invest their *own money* in exchange for an equity share in a business\'s stock (Kuratko, 2014; Laudon et al., 2014).\n\n**Motivations:**\nBeyond financial returns, angels often have non-financial motivations:\n*   Job creation\n*   Development of technology for social needs\n*   Urban revitalization\n*   Minority or disadvantaged assistance\n*   Personal satisfaction from mentorship and involvement.\n\n**Pros of Dealing with Angel Investors (Kuratko, 2014):**\n1.  Engage in smaller financial deals, suitable for early stages.\n2.  Prefer seed-stage or start-up stage investments.\n3.  Invest across various industry sectors.\n4.  Often located in local geographic areas, facilitating hands-on involvement.\n5.  Are genuinely interested in the entrepreneur and the venture\'s success.\n\n**Cons of Dealing with Angel Investors (Kuratko, 2014):**\n1.  May offer no additional investment beyond the initial round.\n2.  Cannot typically provide a national image or brand recognition.\n3.  May lack crucial contacts for future leverage (e.g., later-stage VC).\n4.  May desire some level of decision-making involvement with the entrepreneur, potentially impacting autonomy.\n5.  Are becoming more sophisticated in their investment decisions, requiring more robust proposals.\n\n#### 4.3. Seed Capital\n\nSeed capital represents a very early, often high-risk investment needed to initiate a business (Kuratko, 2014). The term \"seed\" signifies its foundational role.\n\n**Characteristics and Purpose:**\n*   **Sources:** Primarily from business owner(s), friends, and family. It can also come from early-stage venture funds or angel investors.\n*   **Purpose:** Supports preliminary activities essential for validating the business concept, such as market research, product research and development (R&D), and business plan development.\n*   **Exchange:** Often obtained in exchange for an equity stake in the enterprise, with less formal contractual overhead than standard equity financing rounds.\n*   **Pathway to Further Funding:** Demonstrating feasibility with seed capital increases the likelihood of attracting larger funds from venture capitalists or angel investors for scaling operations.\n\n#### 4.4. Venture Capital (VC)\n\nVenture capital investors are professional, experienced investors who manage funds for other limited partners (e.g., institutional investors, endowments, pension funds). They typically invest in companies with high growth potential in exchange for significant equity stakes.\n\n**Services Provided by VCs (Kuratko, 2014):**\n*   **Capital for Start-up:** Direct financial investment.\n*   **Market Research:** Assistance with market validation and strategy.\n*   **Management Consulting:** Strategic and operational guidance.\n*   **Network Access:** Contact with prospective employees, partners, and customers.\n*   **Negotiation Assistance:** Support in deal structuring and subsequent funding rounds.\n*   **Counseling and Guidance:** Mentorship and strategic advice to the entrepreneur and management team.\n\n#### 4.5. Public Offerings and Private Placements\n\n*   **Public Offerings (IPO):** As discussed under Equity Financing, an IPO allows a corporation to raise substantial capital by selling securities to the general public.\n    *   **Advantages (Kuratko, 2014):** Fastest way to raise large sums, provides liquidity for owners, establishes market valuation, enhances corporate image.\n    *   **Disadvantages (Kuratko, 2014):** Significantly higher expenses, extensive public disclosure requirements, substantial time/energy drain on management, potential for shareholder pressure.\n*   **Private Placements (DPO):** Also discussed under Equity Financing, this involves selling securities directly to a limited number of private investors, often familiar parties.\n\n#### 4.6. Financing by Banks and Financial Institutions\n\nBanks and traditional financial institutions offer various loan products categorized by their term lengths (Sarimah Hanim & Soon, 2013):\n\n*   **Short-term Financing:** (1 year or less) Primarily used as working capital to cover day-to-day operational expenses.\n*   **Medium-term Financing:** (Around 1 year to not exceeding 8 years) Used to finance hire purchase agreements, lease agreements, and specific loan agreements for assets with a medium lifespan.\n*   **Long-term Financing:** (Generally over 5 to 25 years) Utilized to finance fixed assets such as land, buildings, machinery, and major office equipment.\n\n**Malaysian Context: Government and Agency Support (Sarimah Hanim & Soon, 2013):**\nThe Malaysian government, through various programs and agencies, plays a significant role in providing financial support to entrepreneurs:\n*   **Majlis Amanah Rakyat (MARA):** Provides loans and equipment assistance to SME entrepreneurs.\n*   **Commercial Banks:** Distribute loans allocated by the Central Bank of Malaysia (BNM) to qualified applicants.\n*   **Bank Pembangunan dan Infrastruktur Malaysia Berhad (BPIMB):** Offers financial credit to industrial businesses.\n*   **Malaysian Industrial Development Finance Berhad (MIDF):** Provides fixed asset financing to manufacturers in Malaysia.\n*   **Bank Pertanian Malaysia (BPM):** Offers financial assistance and equipment to agriculture-related industries.\n\n#### 4.7. Crowdfunding\n\nCrowdfunding is a relatively new method for start-ups to raise capital, leveraging the internet to enable individuals to collectively contribute money to support a project (Laudon et al., 2014). It is also known as peer-to-peer lending, banking 2.0, or social lending.\n\n**Potential Dangers/Risks (Laudon et al., 2014):**\n*   **Low Funding Success Rate:** Many crowdfunding campaigns fail to reach their targets.\n*   **Business Plan Disclosure:** Public disclosure of business ideas and strategies during a campaign can expose intellectual property or give competitors an advantage.\n*   **No Ongoing Counseling Relationship:** Unlike traditional investors, crowdfunding contributors typically do not offer advice or mentorship, limiting the entrepreneur\'s access to experienced guidance.\n*   **Potential Tax Liability:** Depending on jurisdiction and structure, crowdfunding investments might be viewed as gifts or income, incurring tax implications for the entrepreneur.\n*   **Uncertain Regulatory Environment:** The legal and regulatory framework for crowdfunding is still evolving in many regions, presenting potential compliance challenges.\n\n**Crowdfunding in Malaysia:**\nMalaysia has been a pioneer in crowdfunding regulation within ASEAN, enacting crowdfunding laws through the Capital Markets and Services Bill 2015. This legislation aims to encourage Equity Crowdfunding (ECF) for amounts typically ranging from RM 3-5 million. The Securities Commission (SC) has approved several ECF operators, including Alix Global, Ata Plus, Crowdonomic, Eureeca, pitchIN, and Propellar Crowd+. The Malaysia Global Innovation and Creativity Centre (MaGIC) also plays a role in fostering innovation and entrepreneurship, which often involves leveraging such platforms.','2026-04-08 02:33:41.057',0,NULL,NULL,NULL),(7,4,'Lecture 2 Risk Management Framework','chatgpt:gpt-4o','student','make it shorter','# Software Security Engineering: Risk Management Framework\n\n## Introduction to Software Assurance Practices\n\nThis section focuses on methods to ensure software is developed with security in mind from the ground up. Two important models are mentioned:\n\n- **Software Assurance Lifecycle Models**: These models guide the development process, integrating security throughout the lifecycle.\n- **Software Assurance Maturity Models**: These frameworks help organizations assess and improve their processes over time, building on experience to enhance security measures.\n\n## Understanding the Cost of Correcting Software Defects\n\nSoftware defects can be costly to fix, especially when discovered late in the development process. Steve McConnell highlights that correcting defects early saves time and resources. \n\n### Why It Matters:\n- Early detection and correction can prevent security vulnerabilities.\n- It reduces the overall cost and time needed for software development.\n\n## Example Security Practices\n\n### Key Practices\nSeveral security practices are essential in protecting software:\n\n- **Enterprise Software Security Framework**: A comprehensive approach to manage and mitigate risks at an organizational level.\n- **Security Development Life Cycle (SDLC)**: Integrates security measures at every development stage.\n- **Risk Management & Ongoing Assessment**: Regular evaluation of potential risks ensures continued security throughout the software lifecycle.\n\n#### Examples:\n- **Attack Patterns**: These are structured ways to understand how an attacker might exploit a system. Knowing these helps in predicting and preventing attacks.\n- **Assurance Cases**: These are like legal cases that argue a system\'s security based on evidence, ensuring no common vulnerabilities remain.\n\n### Architecture and Design\nArchitectural risk analysis involves evaluating the design of security features (e.g., firewalls, IDS) to detect weaknesses before they are exploited.\n\n## Secure Development Practices\n\n### Code and Testing\n\n- **Secure Code Reviews**: Regularly inspecting code for vulnerabilities and ensuring it adheres to secure coding standards.\n- **Testing Types**:\n  - **White Box Testing**: Thoroughly examines the internal workings of the application.\n  - **Black Box Testing**: Focuses on the external behavior of the application without insight into its internals.\n  - **Penetration Testing**: Simulates attacks on the software to identify security gaps.\n\n## Assurance Models and Frameworks\n\n### BSIMM: Building Security In Maturity Model\n\nBSIMM is a framework for measuring and improving software security initiatives:\n\n- **Real-world Data**: Uses data from 130+ organizations to establish security benchmarks.\n- **Four Domains**: These include practices ranging from secure code reviews to strategic planning.\n\n#### Applications:\n- Allows organizations to compare their security practices against industry standards.\n- Highlights areas where improvement is needed.\n\n## Product Security and Risk Management\n\nThis approach provides a standardized way for organizations to manage security risks across the supply chain. It includes:\n\n- **Gap Assessment**: Identifies deficits in security practices and suggests improvements.\n- **Security Certifications**: Ensures products meet specific security standards before deployment.\n\n## Additional Resources\n\nFor more information on secure coding and vulnerability classification, explore:\n\n- **CVE Database**: A list of known vulnerabilities.\n- **CERT Secure Coding Initiative**: Guidelines on secure coding practices.\n- **OWASP**: A project providing resources for web application security.\n\nThese resources offer guidelines and support for developing secure software, enhancing understanding and implementation of best practices.\n\n### Conclusion\n\nUnderstanding and implementing these frameworks and practices are crucial for developing secure software. They help you foresee potential risks, implement strong security measures, and continuously improve processes to guard against emerging threats.','2026-04-15 10:49:43.921',0,NULL,NULL,NULL),(8,4,'Requirements Engineering for Secure Software Part 1','deepseek:deepseek-chat','lecturer','Focus on key concepts and definitions. Keep it structured with headings.','# Lecture Summary: Requirements Engineering for Secure Software (Part I)\n\n## An Assurance Ecosystem: Context and Foundations\n\n### Key Frameworks and Standards\n\nThe lecture positions secure requirements engineering within a broader \"assurance ecosystem\" comprising several complementary frameworks:\n\n- **BSIMM (Building Security In Maturity Model)**: A prescriptive framework derived from observed security activities in real companies. Answers \"How should I do it?\" and \"Where should I start?\" based on empirical data from analyzed organisations.\n\n- **O-TTPF (Open Trusted Technology Provider Framework)**: A standard focused on mitigating risks from tainted and counterfeit products in the ICT supply chain. Provides a method to accredit \"Trusted Technology Providers,\" enabling commercial customers to \"buy with confidence\" through a chain of trust from accredited providers down to sub-components.\n\n- **Product Security Policy (EMC-derived example)**: Integrates risk levels (Critical→Requires executive sign-off, High→Next release remediation, Medium→Monitoring, Low→Design Standard) with organisational maturity levels (Reactive→Unknown risk, Proactive→Risk understood, Integrated→Risk controlled, Optimized→Risk minimized). Covers secure design principles, coding standards (C/C++), input validation, injection protection, cryptography, and supply chain protections.\n\n### Vulnerability and Secure Coding Resources\n\n**Classification Resources:**\n- **CVE (Common Vulnerabilities & Exposures)**: Public database of known vulnerabilities\n- **CWE (Common Weakness Enumeration)**: Community-developed dictionary of software weakness types\n- **NVD (National Vulnerability Database)**: US government repository of standards-based vulnerability data\n- **Bugtraq**: Mailing list for vulnerability exploitation and remediation discussion\n\n**Secure Coding Guidance:**\n- CERT Secure Coding Initiative\n- SANS Software Security Institute\n- OWASP (Open Web Application Security Project)\n- WASC (Web Application Security Consortium)\n\n---\n\n## The Business Case for Early Security Requirements\n\n### Cost Implications of Requirements Defects\n\n**Empirical Findings:**\n- RE defects cost **up to 200 times more** to fix once fielded than if caught during requirements engineering\n- Reworking defects consumes **>50% of total project effort**\n- **>50% of all defects** are introduced during requirements engineering\n\n**Quantitative Example (presented in lecture):**\n\n| Stage | Critical Bugs Identified | Cost Per Bug | Total Cost |\n|-------|-------------------------|--------------|------------|\n| **Late Fix Scenario:** | | | |\n| Requirements | — | $139 | — |\n| Coding | 150 | $977 | $146,550 |\n| Testing | 50 | $7,136 | $356,800 |\n| **Total** | 200 | | $2,472,100 |\n| **Early Fix Scenario:** | | | |\n| Requirements | 200 | $139 | $27,800 |\n| **Total** | 200 | | $503,350 |\n\n**Key insight**: Identifying defects at the requirements stage reduced costs by nearly **$2 million** in this example.\n\n### Microsoft Security Development Lifecycle (SDL) Results\n\n- **Windows Vista vs. XP**: 45% fewer vulnerabilities in the first year post-release (first Microsoft OS to benefit from SDL)\n- **SQL Server 2005**: 91% fewer vulnerabilities in the database engine compared to previous versions (only three security bulletins in the first three years)\n\n---\n\n## Requirements Engineering: Core Problems\n\n### Common Requirements Failures\n\n1. **Stakeholder Exclusion**: Requirements identification may not include all relevant stakeholders\n2. **Inadequate Analysis**: Requirements analysis may be incomplete or entirely absent\n3. **Haphazard Specification**: Requirements specification is typically unstructured and inconsistent\n\n### Consequences of Poor Requirements\n\nBad requirements cause projects to:\n- Exceed schedule and budget\n- Undergo significant scope reduction\n- Deliver poor-quality applications\n- Produce systems that are not significantly used\n- Be cancelled entirely\n\n---\n\n## Security Requirements: Definition and Methods\n\n### Definition\n\nSecurity requirements address security in a particular application context. They are:\n- Quality attributes (non-functional requirements)\n- Often ignored during requirements elicitation\n- Incurring high costs when incorporated late in the lifecycle\n- Requiring early-stage attention\n\n### Available Methods\n\n| Method | Description |\n|--------|-------------|\n| **SQUARE** | Security Quality Requirements Engineering (nine-step process) |\n| CLASP | Comprehensive, Lightweight Application Security Process |\n| Core Security Requirements Artifacts | Artifact-based approach |\n| SREP | Security Requirements Engineering Process |\n| Security Patterns | Reusable security solution templates |\n| TROPOS | Agent-oriented requirements engineering with security extensions |\n\n---\n\n## SQUARE: Security Quality Requirements Engineering (Detailed)\n\n### Overview\n\n**Developed by**: Networked Systems Survivability program at SEI, Carnegie Mellon University\n\n**Key Principles:**\n- Security requirements treated **simultaneously** with functional requirements\n- Specified in **early stages** of SDLC\n- Follow similar practices to software requirements engineering\n- Requirements engineers must have **security expertise**\n\n**Participants:**\n- Project stakeholders\n- Requirements engineers with security domain knowledge\n\n### Nine-Step Process\n\n#### Step 1: Agree on Definitions\n- **Method**: Structured interviews between requirements engineers and stakeholders\n- **Exit criteria**: Documented set of agreed definitions\n- **Example terms**: Non-repudiation (\"You did it, and you can\'t deny it\"), denial-of-service, intrusion, malware\n\n#### Step 2: Identify Assets and Security Goals\n- Identify system assets requiring protection\n- Security goals must **support the business goal**\n- **Activities**: Review, prioritise, and document goals\n- **Exit criteria**: One documented business goal, several supporting security goals\n\n#### Step 3: Develop Artifacts\nCollect or create artifacts to facilitate security requirements generation:\n- System architecture diagrams\n- **Use/misuse case scenarios** and diagrams (helps teams think like attackers)\n- **Attack trees** (structured representation of attack paths)\n- Templates and forms\n\n**Joint verification** with stakeholders for accuracy and completeness.\n\n#### Step 4: Perform Risk Assessment\n- Identify threats and vulnerabilities\n- Calculate likelihood of occurrence\n- Classify threats (informs later prioritisation)\n- **May require risk expert**\n- **Exit criteria**: Documentation of all threats, their likelihood, and classifications\n\n#### Step 5: Select Elicitation Technique\nSelection criteria: Number and expertise of stakeholders, requirements engineers\' skills, project size and scope\n\n**Available techniques:**\n- Structured/unstructured interviews\n- Accelerated Requirements Method (ARM)\n- Soft Systems Methodology\n- Issue-Based Information Systems (IBIS)\n- Quality Function Deployment\n\n#### Step 6: Elicit Security Requirements (Heart of SQUARE)\n- Execute the chosen elicitation technique\n- **Quality constraints**: Avoid non-verifiable, vague, ambiguous requirements\n- **Focus on \"what,\" not \"how\"**\n- Avoid implementation and architectural constraints at this stage\n- **Exit criteria**: Initial document with elicited requirements\n\n#### Step 7: Categorize Requirements\nClassify into three levels:\n\n| Level | Example |\n|-------|---------|\n| **Software Level** | \"Users cannot exceed their access privileges\" |\n| **System Level** | \"The system is required to have strong authentication measures at all system gateways\" |\n| **Architectural Constraint** | \"The system should support the capabilities of a distributed network\" |\n\n#### Step 8: Prioritize Requirements\n- Use risk assessment and categorisation results\n- **Prioritisation techniques**: Triage, Win-Win (stakeholder negotiation), Analytical Hierarchy Process\n- Requirements engineering team produces **cost-benefit analysis** to aid stakeholder decision-making\n\n#### Step 9: Requirements Inspection\n- **Purpose**: Create accurate and verifiable security requirements\n- **Inspection targets**: Ambiguities, inconsistencies, mistaken assumptions\n- **Method**: Fagan inspections / peer reviews (formal software review process to detect defects early)\n- **Exit criteria**: All requirements verified and documented\n\n### Implementation Characteristics\n\n- **Calendar time**: Approximately **three months** to complete\n- **Maturity**: Implemented in several case studies\n- **Variants**: \n  - **SQUARE-Lite**: Reduced five-step process (definitions, assets/goals, risk assessment, elicitation, prioritisation)\n  - **P-SQUARE**: Privacy-focused extension\n  - **A-SQUARE**: Acquisition-focused extension\n\n---\n\n## Summary\n\nSQUARE provides a structured, nine-step methodology for integrating security requirements into the early stages of software development. The process emphasises:\n1. **Early intervention** to avoid the high cost of late defect discovery\n2. **Stakeholder engagement** through structured definitions, goals, and artifact development\n3. **Risk-driven prioritisation** linking threat assessment to requirements importance\n4. **Verification** through formal inspection techniques','2026-05-01 06:35:27.263',0,NULL,NULL,NULL),(9,4,'AI Presentation & Slides Generation API & MCP Server _ 2Slides','chatgpt:gpt-4o-mini','lecturer',NULL,'# AI Presentation & Slides Generation API & MCP Server - Summary\n\n## Overview\n\nThe \"AI Presentation & Slides Generation API & MCP Server\" is a service provided by 2Slides that focuses on automating the slide creation process for presentations. It enables developers and organizations to integrate powerful AI-driven slide generation capabilities into their applications and workflows, significantly improving efficiency and creativity in presentation design.\n\n## Key Features\n\n### API Accessibility\n- **RESTful Design**: The API follows REST principles, allowing for seamless integration with various applications. Developers can easily call endpoints to generate slides, manage presentations, and retrieve resources.\n- **API Key Management**: The platform includes functionality for creating, managing, and securing API keys, ensuring that endpoint access is securely controlled.\n\n### Slides Generation\n- **AI Integration**: Utilizing advanced artificial intelligence, the service generates presentations based on user-defined parameters, such as topic, style, and content type.\n- **Multiple Formats**: The API supports various output formats, including PowerPoint (PPTX), facilitating ease of use and broad compatibility with existing tools for presentation creation.\n\n### User Interface and User Experience\n- **Responsive Design**: The interface is designed to be mobile-friendly and accessible across different devices, thereby enhancing the user experience.\n- **Visual Assets**: The API allows users to preload and incorporate a variety of visual assets and branding elements into generated slides.\n\n## Technical Depth\n\n### Methods and Endpoints\n- The API provides a structured set of endpoints for functionalities such as:\n  - Creating new presentations\n  - Adding slides with specific layouts and content\n  - Retrieving and updating existing presentations\n  - Deleting slides or entire presentations\n  \n### Assumptions\n- **User Input Quality**: The performance of the AI in generating presentations is contingent on the quality and specificity of the user input. A well-defined topic and structured prompts yield better results.\n- **Network Dependency**: Given that the service is API-based, a stable internet connection is assumed for its operation.\n\n## Limitations\n\n### AI Constraints\n- **Context Understanding**: While the AI can generate content based on inputs, it may lack deep contextual understanding, potentially leading to irrelevant or nonsensical slide generation.\n- **Customization**: Users seeking highly specific designs or intricate custom features might find limitations in templated outputs or predefined styles.\n\n### Security Considerations\n- API access must be carefully managed to prevent unauthorized usage. The reliance on API keys necessitates robust security measures to mitigate risks associated with API exploitation.\n\n## Implications\n\nThe introduction of AI-powered slide generation can transform how individuals and organizations create and utilize presentations. By automating mundane aspects of design, users can focus their attention on more substantive content development. The accessibility of such technology can democratize presentation creation, allowing even those with little design expertise to produce visually appealing and effective slides.\n\n## Conclusion\n\nThe 2Slides API represents a significant advancement in the field of presentation technology, marrying AI capabilities with practical API accessibility. While it offers numerous benefits, considerations around user input quality and AI limitations must be taken into account to maximize its effectiveness in generating meaningful presentations. As the API evolves, ongoing enhancements to AI understanding and user customization options will be key to its adoption and success in diverse applications.','2026-05-01 07:02:10.087',0,NULL,NULL,NULL),(11,11,'transferlearning.ipynb','chatgpt:gpt-4o','student','Focus on key concepts and definitions. Keep it structured with headings.','```markdown\n# Image Recognition Using Transfer Learning\n\n---\n\n## Introduction\n\nTransfer learning is a technique where a model developed for a task is reused as the starting point for a model on a second task. It\'s particularly useful in situations where we have limited data for the second task.\n\n---\n\n## InceptionV3 Model\n\n**What is InceptionV3?**\n\nInceptionV3 is a type of deep learning model used for image recognition. It\'s well-regarded because of its design, which processes images at different scales, allowing it to recognize features more efficiently.\n\n**Why it Matters:**\n\nUsing a pre-trained model like InceptionV3 can significantly reduce the resources and time needed for training, especially if you don\'t have a large dataset. Transfer learning allows leveraging the knowledge the network learned from a large dataset (like ImageNet) to new tasks.\n\nFor more details about the model, you can refer to the [InceptionV3 paper](https://arxiv.org/pdf/1512.00567.pdf).\n\n---\n\n## Reading the Data\n\n#### Caltech-UCSD Birds 200 (CUB-200) Dataset\n\nWe use the Caltech-UCSD Birds Dataset, which includes images of 200 bird species. The dataset provides:\n\n- 11,788 images in the 2011 version.\n- Annotations like bounding boxes and segmentation labels, which help in precisely determining where a bird is located in an image.\n\n**Importance:**\n\nThis dataset is ideal for training because it offers a variety of images across different bird species with detailed annotations that improve the training process.\n\n---\n\n## Data Preprocessing\n\nPreprocessing images prepares them for the model. Here\'s what we do:\n\n- **Normalize**: Converts images to a range of 0 to 1, which helps in faster convergence during training.\n- **Pad and Rescale**: Adjusts images to a standard size (300x300 pixels), ensuring compatibility with the model\'s input layer.\n- **Batching**: Groups a set number of images (e.g., 128) to process at once, which improves efficiency.\n- **Prefetching**: Loads data in advance to minimize training delays.\n\n**Example:**\n\nAn image might initially have varying pixel intensities or different sizes. Through normalization and resizing, it becomes standard across all inputs to the model.\n\n---\n\n## Model Preparation\n\n#### Loading the Model\n\nWe import a pre-trained InceptionV3 model without its top layer. This allows us to customize the final layers for our specific task involving bird species classification.\n\n- **Non-trainable Layers**: By default, existing layers are not retrained to leverage the model\'s existing learned features.\n- **Additional Layers**: We add layers to tailor outputs, like Dense layers with 200 nodes (one for each bird species).\n\n**Why Non-trainable Layers?**\n\nBy freezing these layers, we prevent modifying any weights that were learned from the original dataset, retaining existing beneficial patterns.\n\n---\n\n## Training the Model\n\nTraining involves fine-tuning the network to our specific bird classification task using the Caltech Birds 2011 dataset.\n\n- **Epochs**: We train the model over multiple iterations (100 in our example) to improve its accuracy.\n- **Learning Rate Scheduler**: Adjusts the learning rate over time for optimal performance.\n\n**How it Works:**\n\nDuring training, the model\'s processes get fine-tuned to recognize patterns pertinent to our dataset on birds, thereby improving accuracy from recognizing broad categories (like \"animal\") to specific species.\n\n---\n\n## Conclusion\n\nTransfer learning with models like InceptionV3 facilitates efficient training even with relatively small databases by building on pre-existing, extensive research and training on related tasks.\n\nBy understanding how and why each step in this method works, from data preprocessing to model preparation, students can employ these techniques across various machine learning tasks with confidence.\n```','2026-05-05 14:27:52.162',0,NULL,NULL,NULL),(12,12,'FYP 1 report ','chatgpt:gpt-4o','student','Give a 10-bullet executive summary, then a detailed explanation.','## Executive Summary\n\n1. **Growing Need for Secure Verification**: With digital services expanding, secure identity verification is more crucial than ever. Traditional methods like passwords have proven vulnerable.\n   \n2. **Biometric Solutions**: Face recognition emerges as a promising solution because it\'s secure and doesn\'t require physical contact or extra devices.\n   \n3. **Project Focus**: This research focuses on a face recognition-based security system using the powerful ArcFace architecture and PyTorch framework for better performance.\n   \n4. **Technical Components**: The system uses ResNet-18 for feature extraction and integrates RetinaFace for precise face detection and alignment.\n   \n5. **Datasets Used**: The CASIA-WebFace dataset assists in training, while the Labeled Faces in the Wild (LFW) dataset is employed for performance testing.\n   \n6. **Performance Metrics**: The system\'s effectiveness is measured using metrics like False Acceptance Rate (FAR), False Rejection Rate (FRR), and Equal Error Rate (EER).\n   \n7. **Deep Learning Advantages**: ArcFace, compared to previous models like SphereFace and CosFace, provides enhanced accuracy due to its unique loss function.\n   \n8. **Implementation Goal**: A prototype-level verification system is developed, showcasing the potential of these technologies for real-world applications.\n   \n9. **Limitations Noted**: While the system shows promise, there are limitations due to dataset scale and the capacity for larger and more varied training data.\n   \n10. **Future Directions**: Future improvements include training on larger, more balanced datasets and performing cross-dataset evaluations to further validate the system.\n\n---\n\n## Detailed Explanation\n\n### Introduction to Face Recognition Systems\n\n**Study Background**: As the digital world grows, there\'s a higher demand for secure identity verification systems. Traditional methods like passwords and PINs are common but fail in security-critical environments due to threats like identity theft.\n\n**Biometric Authentication**: Biometric systems, especially face recognition, stand out because they use unique physiological traits that are hard to duplicate. They offer a contactless way to verify identity using cameras, making them easier and more natural to use.\n\n**Deep Learning in Face Recognition**: Modern face recognition leverages deep learning techniques, such as convolutional neural networks (CNNs), which help improve accuracy and robustness. New approaches, including ArcFace, enhance system performance by increasing the distinctiveness between different classes (people).\n\n### Problem with Current Authentication Methods\n\n**Traditional Weaknesses**: Passwords and PINs are prone to being stolen or forgotten, leading to security threats. Face recognition provides a feasible solution due to its reliability and ease of use.\n\n**Objective of the Project**: The aim is to leverage advanced deep learning algorithms to create a more secure, accurate face verification system. Using state-of-the-art techniques can mitigate traditional problems and offer a more robust method for identity verification.\n\n### Proposed System and Methodology\n\n**ArcFace Architecture**: The project employs ArcFace, known for maximizing inter-class separability with angular margin. This choice is fundamental because it ensures that different faces are represented distinctly within the algorithm, improving verification accuracy.\n\n**Use of PyTorch Framework**: PyTorch is selected due to its flexibility and efficiency, making it easier to implement sophisticated deep learning architectures for this project.\n\n**Integration with RetinaFace**: This component is essential for detecting and aligning faces correctly, ensuring high precision in identifying faces across various environments and conditions.\n\n### Experimentation and Analysis\n\n**Training and Testing**: The ArcFace system was trained using the CASIA-WebFace dataset and tested on the LFW dataset, both providing a wealth of facial images in diverse settings.\n\n**Results and Performance Metrics**: By analyzing metrics like FAR and FRR, it becomes clear how often unauthorized access is falsely allowed or denied. Additionally, the ROC Curve and EER provide further insights into the system\'s threshold selection for optimal performance.\n\n### Conclusion and Future Work\n\n**Current Achievements**: A prototype demonstrating the viability of these modern techniques in real-world applications was developed, indicating potential for future expansion.\n\n**Limitations**: Challenges such as limited data diversity and system scaling were observed. Addressing these could further enhance system reliability and applicability.\n\n**Future Improvements**: Expanding the dataset and enhancing training architectures could push the research into new areas, confirming its effectiveness across various applications and conditions. Cross-dataset evaluations will also ensure the system\'s broad applicability and robustness.','2026-05-08 05:32:19.550',0,NULL,NULL,NULL),(15,4,'Security_Governance_Presentation_updated','chatgpt:gpt-4o','lecturer','Give a 10-bullet executive summary, then a detailed explanation.','## Executive Summary\n\n1. **Core Principles**: Security governance is vital for aligning cybersecurity strategies with organizational goals, focusing on risk, accountability, and compliance.\n2. **Strategic versus Operational**: Security governance is strategic, involving the \"what and why,\" while security management is operational, focusing on the \"how.\"\n3. **Key Roles**: Key roles in security governance include the Board of Directors, C-level officers like the CIO/CISO, a Security Governance Committee, and internal audit teams.\n4. **Frameworks**: International frameworks like ISO/IEC 27001 and the NIST Cybersecurity Framework guide security governance, offering methodologies for consistent security management.\n5. **Policies and Procedures**: Essential components include data protection policies, incident response plans, and access control policies, illustrated by multifactor authentication policies for cloud services.\n6. **Metrics and Reporting**: Effective security governance relies on KPIs and comprehensive reporting, such as incident counts, patch management, and phishing success rates.\n7. **Case Studies**: Real-world examples, like Target\'s 2013 data breach, highlight the repercussions of inadequate security governance, including a $162M loss due to poor vendor management and lack of board awareness.\n8. **Accountability**: Designated personnel such as CISOs are tasked with responding to security breaches and aligning security initiatives with strategic goals.\n9. **Risk-Based Decisions**: Governance involves prioritizing investments based on sector-specific threats, such as ransomware, to allocate resources effectively.\n10. **Implications**: Strong security governance reduces organizational risk and enhances compliance with legal and industry standards.\n\n## Detailed Explanation\n\n### Core Principles and Importance of Security Governance\n\nSecurity governance serves as a critical framework underpinning an organization\'s efforts to align cybersecurity measures with broader business objectives. Its core focuses include risk management, accountability, and adherence to compliance requirements. These elements ensure that cybersecurity strategies are not only robust but are seamlessly integrated with strategic business goals, such as regulatory compliance with frameworks like PCI-DSS for financial institutions. This alignment is exemplified by a company expanding its cloud services and needing to secure identities and access accordingly.\n\n### Strategic vs. Operational Distinctions\n\nThe document distinguishes between security governance and security management, stating governance operates at a strategic level, setting policies and defining the security vision and strategy. In contrast, security management is operational, dealing with the execution and enforcement of security measures. Governance implicates high-level responsibilities suited to C-level executives, particularly CIOs and CISOs, who are accountable for outlining and communicating security risks and strategies to the board.\n\n### Roles in Security Governance\n\nCritical to implementing effective security governance are roles such as the Board of Directors, who provide oversight, and the CIO/CISO, responsible for briefing the board on risk quarterly. The Security Governance Committee acts as the collaboration hub for policy development and strategy alignment, while internal audits ensure continuous compliance and iterative improvement of the governance framework.\n\n### Security Governance Frameworks\n\nInternational and national standards such as ISO/IEC 27001 and NIST Cybersecurity Framework offer structured approaches for organizations to manage cybersecurity risks. ISO/IEC 27001 provides requirements for establishing an Information Security Management System (ISMS), whereas NIST is widely adopted for its flexible guidelines in improving cybersecurity readiness. These frameworks offer industry-specific guidance on aligning security practices with business objectives.\n\n### Policies, Procedures, Metrics, and Reporting\n\nKey security governance components involve policies like data protection, incident response plans, and access control measures. Metrics such as KPIs play a central role in assessing effectiveness, involving indicators like incident response times, the success of security training on phishing incidents, and technical measures such as patch management rates. These metrics, alongside detailed reports, facilitate ongoing dialogue and decision-making at the strategic level.\n\n### Case Studies and Lessons Learned\n\nThe Target breach in 2013 exemplifies a breakdown in security governance due to insufficient vendor access control and a lack of board awareness. This incident underscores the necessity for comprehensive governance that includes third-party risk considerations and informed oversight at the executive level. Lessons from such case studies stress the importance of inclusive governance structures.\n\n### Accountability and Risk-Based Decision-Making\n\nDesignated roles like CISOs and IT managers bear responsibility during data breaches and in the strategic alignment of cybersecurity initiatives with the organization’s broader goals. Governance encompasses prioritizing resources based on identified threats, such as ransomware, to fortify against prevalent sector-specific risks. This risk-based planning is a hallmark of effective governance ensuring optimal resource allocation.\n\n### Implications of Strong Security Governance\n\nOrganizations that implement robust security governance frameworks benefit through reduced exposure to risks and improved compliance with relevant legal and industry standards. This governance ensures that security measures are proactive, strategic, and aligned with the dynamic technology landscape and competitive business objectives.','2026-05-15 14:16:34.466',1,'2026-06-03 02:34:49.806',NULL,NULL),(16,4,'Chapter 5- White Box','chatgpt:gpt-4o','lecturer','Flag thin or unsupported claims in the source materials instead of inventing detail.\n- Map each major section to 1–2 related academic or authoritative sources when possible.','# White-Box Test Design Techniques\n\nIn this lecture, we delve into white-box testing, a testing methodology that involves evaluating a system based on its internal structures or workings. This approach, also known as structure-based testing, contrasts with black-box testing where the internal implementation is not considered[1]. \n\n## Concept and Value of White-Box Testing\n\nWhite-box testing derives its name from the idea of the \"box\" being open to scrutiny—the \"white\" part symbolizing transparency. The fundamental advantage of white-box techniques is their precise focus on specific paths in the control flow of the program, allowing testers to uncover very specific types of faults, especially those that traditional black-box methods might miss[1][3]. \n\n### Coverage Metrics\n\nWhite-box testing is largely informed by coverage metrics which quantify how thoroughly the software under test has been exercised. These metrics often serve as a direct codification of the test objectives. The primary coverage metrics addressed in the curriculum include:\n\n- **Statement Coverage:** This metric ensures that all executable paths in the code have been executed at least once. It is calculated as the ratio of executed statements to the total statements. Although important, it is relatively weak because it might miss pathways particularly connected to decision points or branches that are not exercised[1][3].\n  \n- **Decision Coverage (Branch Coverage):** This measurement extends beyond statement execution to include the evaluation of all logic branches. Each decision point in a program\'s flow is evaluated to ensure that each possible path emanating from the decision has been taken. Unlike statement coverage, decision coverage is more robust as it considers the outcomes of decision nodes[1][3].\n\n- **Path and Boundary Coverage:** While not as frequently deployed due to the exponential growth of potential test cases with code complexity, path coverage is theoretically superior, asserting that every possible execution path within a function or program is tested at least once[1].\n\n### Techniques and Tools\n\nSeveral techniques are built atop these coverage metrics:\n\n1. **Control Flow Testing:** This is a core concept wherein the focus lies on the control structure of the program. Test cases are derived from the control flow graph, which helps identify the sequence of executed statements[1].\n\n2. **Data Flow Testing:** It inspects program variables. By examining the definition and usage of variables (defs and uses), data flow tests seek to confirm that these variables behave as expected during execution[1].\n\n3. **Condition-Based Testing:** This involves ensuring that all conditions within decision/fork points are executed, useful for complex logical conditions or nested conditions[1].\n\n## Experience-Based Techniques\n\nA complementary suite of techniques involves \"exploiting\" then unknowns by leveraging tester experience, such as error guessing and exploratory testing. These are not guided by internal code structures but by informal yet insightful analysis of likely fault scenarios based on experience or intuition[1][3].\n\n### Challenges and Limitations\n\nWhile white-box testing is powerful, it is not without challenges[1]:\n\n- **Complexity in Generating Tests:** In complex systems, the sheer number of paths or conditions can make exhaustive testing infeasible.\n\n- **Presence of Dead Code:** Statement coverage might be misleading if significant portions of code are unreachable, necessitating static analysis for these \"dead\" segments[1][3].\n\n- **Time-Intensive Nature:** Due to its detailed nature focusing on execution paths, it can become a resource-intensive undertaking[1].\n\nIn conclusion, white-box testing affords deep insights into program execution, tailored to uncover intricate faults. However, it is best applied in concert with other testing methodologies to ensure comprehensive coverage.\n\n## References\n\n1. Chapter 5-White-Box.pdf\n2. Bierig, R., Brown, S., Galván, E., & Timoney, J. (2021). Introduction to Software Testing. doi:10.1017/9781108974073.004\n3. Nidhra, S. (2012). Black Box and White Box Testing Techniques - A Literature Review. doi:10.5121/ijesa.2012.2204','2026-05-15 16:09:56.734',1,'2026-06-03 03:26:08.754',NULL,NULL),(17,13,'Lecture 4_Change Control  Release Management_Updated Nov25','chatgpt:gpt-4o-mini','student','Give a 10-bullet executive summary, then a detailed explanation.','# Executive Summary\n\n1. **Change Control Importance**: Establishing formal change control is essential to maintain stability and accountability in software modifications.\n   \n2. **Baseline Concept**: A baseline is an approved snapshot of software configurations; changes must follow a formal process to protect it.\n\n3. **Change Control Objectives**: The goals include preventing uncontrolled changes, ensuring traceability, evaluating risks, maintaining compliance, and balancing development speed with production stability.\n\n4. **Change Control Process**: Composed of five steps: submission, evaluation, approval, implementation, and verification.\n\n5. **Change Classification**: Changes are classified into Standard, Normal, and Emergency categories to determine their approval process.\n\n6. **Classical vs. Agile Models**: Classical model uses a Change Control Board (CCB) while Agile allows for faster, decentralized changes led by a Product Owner.\n\n7. **Traceability**: Maintaining a \"Golden Thread\" connects requests, approvals, testing, and deployments to ensure transparency and accountability.\n\n8. **Release Management Definition**: A set of processes and practices to deliver approved changes to users while minimizing risk and downtime.\n\n9. **Big Bang Issues**: Traditional methods of releasing software often lead to significant problems, like system crashes, due to large, complex updates.\n\n10. **Progressive Delivery Strategies**: Approaches like Blue-Green Deployments and Canary Releases help in deploying changes safely and efficiently, allowing for easy rollback if necessary.\n\n---\n\n# Detailed Explanation\n\n## 1. Why Change Control is Needed\nChange control is crucial in software development for various reasons. It prevents instability that could arise from uncontrolled changes, helps maintain a record of who made what changes (traceability), and ensures accountability, especially if a change causes issues. For example, regulations in industries like banking require detailed audit trails for compliance.\n\n## 2. Understanding the Baseline\nA baseline is essentially the \"official version\" of your software at a given time, like the “v1.0 Production Baseline.” It includes everything currently running in production, such as the code and configurations. Changes to this baseline require a formal process to ensure that the software remains stable.\n\n## 3. Change Control Objectives\nThe main goals of change control include:\n- **Preventing chaos** from uncontrolled changes.\n- **Providing traceability** to understand what changes were made and when.\n- **Ensuring accountability** in case changes cause problems.\n- **Staying compliant** with industry regulations where relevant.\n\n## 4. Overview of the Change Control Process\nThe change control process usually follows a five-step framework:\n1. **Change Request**: A stakeholder submits a formal request for a change.\n2. **Evaluation and Impact Analysis**: The proposed change undergoes a risk assessment.\n3. **Approval/ Rejection**: A designated authority decides on the change.\n4. **Implementation**: The approved change is developed and tested.\n5. **Verification & Closure**: The change is verified, ensuring it aligns with the request.\n\n## 5. Classifying Changes\nNot all changes are equal:\n- **Standard Changes**: Routine modifications that are pre-approved.\n- **Normal Changes**: The standard procedure requiring the full process.\n- **Emergency Changes**: Critical fixes that require quick action, often bypassing some standard processes.\n\n## 6. Classical vs. Agile Change Control Models\nThe classical model employs a Change Control Board (CCB) for formal decision-making, suited for highly regulated environments. In contrast, Agile practices enable a more flexible and rapid response, where a Product Owner drives decisions and updates.\n\n## 7. Importance of Traceability\nTraceability ensures you can demonstrate a clear path of how a change was managed. This \"Golden Thread\" enables easy auditing by linking everything from the initial change request to the final deployment, showing that the process was followed correctly.\n\n## 8. Defining Release Management\nRelease management involves strategies to safely deploy changes to users. It focuses on delivering updates with minimal risk and downtime, unlike change control, which only approves changes.\n\n## 9. Risks of “Big Bang” Releases\nHistorically, developers would merge many changes at once, leading to massive releases with high risk of failure. For instance, the 2013 Healthcare.gov launch faced significant issues due to this approach, highlighting the need for better strategies.\n\n## 10. Progressive Delivery Strategies\nModern methods emphasize deploying changes gradually to reduce risk:\n- **Blue-Green Deployment**: Maintains two identical environments, enabling a quick switch back if issues occur.\n- **Canary Releases**: Introduces changes to a small user group first, minimizing the risk to the larger user base by testing the waters before a full rollout. \n\nBy understanding these concepts, students can appreciate the essential practices that uphold software quality and reliability in today’s fast-paced development environments.','2026-06-03 04:30:05.119',0,NULL,NULL,NULL),(18,14,'Lecture 7 - Legacy Information System','deepseek:deepseek-chat','lecturer','Expand with lecturer-level depth: methods, assumptions, limitations, and implications.','Here is a lecture-ready summary of the provided document, expanded with technical depth and complete context for a lecturer audience.\n\n## Lecture Summary: Legacy Information Systems – Wrapping and Migration Strategies\n\n### Introduction: The Legacy Problem\n\nLegacy Information Systems (LIS) are defined not merely by their age, but by their critical role in an organization combined with their resistance to change. As described in the lecture, a LIS is any system that \"significantly resists modification and evolution to meet new and constantly changing business requirements\" [1]. These systems are characterized by large codebases (millions of lines of code), aged architectures, obsolete programming languages, poor or missing documentation, and a \"degraded structure\" caused by years of ad-hoc patches and modifications [1]. The consequence of these characteristics is a set of well-documented challenges including high maintenance costs, limited scalability, significant security vulnerabilities due to outdated security features, vendor lock-in when support is discontinued, and a stifling effect on innovation [1].\n\nTo address these challenges, several strategic solutions exist, ranging from freezing development or outsourcing maintenance, to more transformative approaches like discarding and redeveloping, wrapping, or fully migrating the system [1]. The lecture focuses in depth on two primary technical strategies: **wrapping** and **migration**.\n\n### 1. Wrapping: Encapsulation over Renovation\n\nWrapping is a strategy designed to extend the life and interoperability of a legacy system without modifying its core internal code. The concept, first introduced at IBM in 1988, involves encapsulating the legacy component within a new software layer that provides a modern interface and hides the complexity of the old system [1]. This encapsulation layer communicates with the legacy component through mechanisms like sockets, remote procedure calls (RPCs), or predefined application program interfaces (APIs). The wrapped component is then treated as a remote server, providing services to a client that does not need to understand the legacy implementation details [1].\n\n#### Wrapper Architecture and Function\n\nA wrapper functions by intercepting messages between a modern client and the legacy system. It has two primary interfaces (internal and external) and three event-driven modules: a message handler, an interface converter, and an I/O emulator [1]. The process is as follows:\n1.  **Input:** The wrapper accepts requests from the client program.\n2.  **Transformation:** It restructures the request into a format the legacy system understands.\n3.  **Invocation:** It invokes the target legacy component with the new arguments.\n4.  **Output:** It captures the output from the legacy system, restructures it into the client\'s expected format, and returns it [1].\n\nWhile effective for integration, it is critical to note that **wrapping does not solve the inherent problems** of the legacy system, such as outdated architecture or security vulnerabilities. It simply provides a new, cleaner interface to the same flawed engine [1].\n\n#### Types of Wrapping\n\nThe lecture classifies wrappers into four categories based on what they encapsulate [1]:\n\n- **Database Wrappers:** These are further subdivided into:\n    - **Forward Wrappers (f-wrappers):** Allow modern applications to query a legacy database by translating modern queries into the legacy database\'s format. This enables new functionality without altering the old database [1].\n    - **Backward Wrappers (b-wrappers):** Allow the legacy system to access a modern database by translating the legacy system\'s queries into the new database\'s format. This facilitates a gradual migration where the old system can use new data stores [1].\n- **System Service Wrappers:** Encapsulate common system services like printing, sorting, or routing, making them accessible to modern clients without knowing their original interfaces [1].\n- **Application Wrappers:** Encapsulate an entire legacy application, making all its functions available via a modern API. This is a more coarse-grained approach [1].\n- **Function Wrappers:** Target specific functions within a legacy system, providing limited, fine-grained access to only a portion of the system (e.g., a single `calculateTax()` procedure) rather than the whole application [1].\n\n#### Levels of Encapsulation\n\nThe granularity of wrapping can be defined by five levels, as classified by Harry Sneed [1]:\n1.  **Procedure:** The lowest level, wrapping a single function.\n2.  **Module:** A group of related procedures (e.g., a `TaxCalculator` module).\n3.  **Progress:** A sequence of operations (e.g., order tracking).\n4.  **Transaction:** A set of operations that must ensure data integrity (e.g., an e-commerce purchase).\n5.  **Process:** The highest level, encapsulating a broad organizational goal (e.g., an entire order management system).\n\n### 2. Migration: Full Transformation to a Modern System\n\nMigration is considered the best alternative when wrapping is unsuitable and redevelopment carries too much risk [1]. It involves a fundamental transition from the legacy system to a new one, typically requiring significant changes to both the database and application. This is a complex and lengthy process, often spanning 5 to 10 years, but it offers superior long-term benefits including a better understanding of the system, easier maintenance, reduced costs, and increased flexibility to meet future business needs [1].\n\nThe core of LIS migration involves three main steps [1]:\n\n#### Step 1: Schema Conversion\nThis involves converting the legacy database schema into a target schema for the new technology. This process is broken into two sub-steps:\n- **Database Reverse Engineering (DBRE):** The first and most critical phase. DBRE aims to recover the conceptual schema that accurately expresses the underlying semantics of the legacy data structure. This is necessary because legacy data structures are often poorly documented or have \"degraded structures\" from years of changes [1].\n- **Target Schema Derivation:** Once the conceptual schema is recovered, a straightforward, physical transformation can be performed. This first translates the conceptual schema into an equivalent logical schema (e.g., relational, NoSQL) and then into a physical schema (e.g., storage formats, indexing) [1].\n\n#### Step 2: Data Conversion\nThis step focuses on the movement and transformation of data from the legacy database to the new system. It follows the standard **Extract, Transform, Load (ETL)** process [1]:\n- **Extract:** Data is read from the legacy data store.\n- **Transform:** Extracted data is transformed to match the format and structure requirements of the new database. Crucially, this stage includes **data cleaning** (also known as scrubbing or cleansing) to identify and fix or discard data that is corrupt, inconsistent, or does not fit the target database model.\n- **Load:** The cleaned and transformed data is written into the new target database.\n\n#### Step 3: Program Conversion\nThis final step involves modifying the application programs so they access the new database instead of the legacy one. The goal is to leave the core *functionality* of the programs unchanged [1]. To simplify testing and reduce risk, a key assumption is that new features are generally avoided during the migration itself. This allows for a straightforward verification process: if both the legacy and target systems have the same functionality, their outputs can be directly compared to ensure consistency. However, in practice, migration projects often add new functionalities to justify the project\'s expense and risk [1].\n\n### Migration Planning and Methods\n\nThe lecture outlines a rigorous 13-step planning process, divided into three phases: **Foundation** (portfolio analysis, stakeholder identification, understanding requirements, creating a business case), **Technical Preparation** (go/no-go decision, understanding the LIS and target technology, evaluating technologies), and **Execution Planning** (defining target architecture, strategy, reconciling with stakeholders, determining resources, evaluating feasibility) [1].\n\nNo single migration method fits all systems, as they vary in scale, complexity, and risk. The lecture introduces seven methods, including [1]:\n- **Cold Turkey:** A complete, high-risk, one-time cutover where the entire legacy system is replaced at once. Suitable only for small, less complex systems where a short service disruption is acceptable [1]. The risk of failure is significantly high with this method [1].\n- **Database First:** This method migrates the database first, followed by the application programs. The lecture introduces this approach but does not provide its full details; it is mentioned as an alternative to the more comprehensive \"Chicken Little\" or iterative methods [1].\n\n### Limitations and Implications\n\n**Limitations of the Summary:**\nThe provided lecture source is a slide deck, which inherently lacks the nuanced discussion, case studies, and detailed critical evaluation that a full textbook chapter or research paper would provide. The cited academic papers [2, 3, 4, 5, 9] in the reference list would be necessary to fully explore the technical complexities of wrapper-based consistency management [3], the formal processes for automatic wrapper generation [5], and the specific challenges of migration using \"inverse wrappers\" [9].\n\n**Implications for Practitioners:**\n- **Wrapping is a tactical, not strategic, solution.** It is ideal for buy time and enable integration, but it does not reduce technical debt or security risk [1]. The \"degraded structure\" of the legacy system [1] persists.\n- **Migration requires deep understanding.** The necessity of Database Reverse Engineering (DBRE) [1] highlights that successful migration is not just a technical exercise of converting data formats but a knowledge-recovery process. The quality of the migration is directly dependent on the accuracy of the recovered conceptual schema.\n- **The Human Factor is Critical.** The planning phase explicitly identifies stakeholders [1], acknowledging that migration is\n\n## References\n- [3] [Updating legacy databases through wrappers: data consistency management](https://doi.org/10.1109/wcre.2004.41) — Philippe Thiran, G.J.P.M. Houben, Jean-Luc Hainaut, Djamal Benslimane (2005)\n- [5] [Database Wrappers Development: Towards Automatic Generation](https://doi.org/10.1109/csmr.2005.22) — Philippe Thiran, Jean-Luc Hainaut, Geert‐Jan Houben (2005)\n- [9] [Inverse Wrappers for Legacy Information Systems Migrat ion](https://www.semanticscholar.org/paper/31b8830ffbb401b32eb3facdf1ba12387ad584bd) — J. Henrard, Anthony Cleve, Jean-Luc Hainaut (2004)','2026-06-03 08:18:21.357',0,NULL,NULL,NULL),(19,15,'FYP1_Final_Report_Draft','chatgpt:gpt-4o','student',NULL,'# Summary of the FYP1 Final Report Draft: AI-Powered Tool for Summarizing and Enhancing Lecture Materials\n\n## Project Overview\n\nThe project, created by Kingston Chong Khai Hung, focuses on the development of an AI-powered tool designed to help students and lecturers summarize lecture notes. As a Bachelor of Software Engineering with Honours final-year project at Universiti Malaysia Sarawak, this tool aims to tackle the challenge of extracting key information from voluminous digital learning content to support effective learning processes.\n\n### Why It Matters\nWith the increase in digital learning materials, students often find themselves overwhelmed. Being able to easily distill long texts or presentations into concise, meaningful summaries can enhance learning efficiency and ensure that key points aren\'t missed. This system makes that process quicker and more efficient.\n\n## Key Features of the AI-Powered Tool\n\n### User Roles\n- **Students and Lecturers**: Users can upload lecture notes in PDF or PowerPoint format to receive summarized versions through a simple web interface.\n  \n### Functionality\n- **Text Extraction**: The tool employs Optical Character Recognition (OCR) to handle both text-based and scanned documents.\n- **AI Integration**: Utilizes multiple large language models like Gemini, DeepSeek, and OpenAI to provide flexible and accurate summaries.\n- **Data Handling**: Summarized content is saved in a database for easy reference and reuse.\n\n### Development Process\nThe system was developed using the Waterfall methodology, which is divided into several structured phases: \n- **Requirement Analysis**: Understanding what the system needs to accomplish.\n- **System Design**: Planning the architecture and layout.\n- **Implementation**: Actual coding and development of the functionality.\n- **Testing**: Ensuring the system works as intended.\n\n### Expected Outcomes\nThe AI tool is expected to significantly reduce the time and effort students spend on reviewing lecture materials and increase the quality of learning by focusing on key content.\n\n## Literature Review Insights\n\n### Text Summarization Systems\n- **Natural Language Processing (NLP)** is crucial for enabling AI-driven summarization tools by understanding and processing human language.\n- Existing systems such as Google NotebookLM, Scholarcy, and NoteGPT serve as benchmarks and inspirations for developing effective and user-friendly summarization tools.\n\n### Summary of Existing Tools\n1. **Google NotebookLM**: Known for handling vast data and summarizing content with a focus on user interaction.\n2. **Scholarcy**: Provides intelligent highlights and summaries, ensuring users grasp core ideas quickly.\n3. **NoteGPT**: Offers highly customizable summaries, making it versatile for various needs.\n\n## System Design and Technologies Used\n\n### Technologies\n- **Frontend**: Built using React.js or Next.js with TailwindCSS or MUI for styling.\n- **Backend**: Developed with Node.js and Express, using MySQL for data management.\n- **APIs**: Integrations with services like Gemini, DeepSeek, and OpenAI for enhanced summarization accuracy.\n- **Document Processing**: Utilizes tools such as dots.ocr for text recognition and pptx2json for converting PowerPoint files.\n\n### Architecture\nThe system follows an architecture that supports streamlined data flow and robust interactions between users and the AI models, focusing on seamless integration and user-friendliness.\n\n## Conclusion\n\nThis project showcases how AI-driven summarization can be an invaluable tool in academic environments. By enhancing learning efficiency and reducing time spent on manual summarization, this system holds great potential to transform how students and lecturers interact with digital content. The final year project not only provides a practical solution for a common problem but also opens doors for future advancements in educational technology.','2026-06-05 15:00:45.741',0,NULL,NULL,NULL);
/*!40000 ALTER TABLE `Summary` ENABLE KEYS */;
UNLOCK TABLES;

--
-- Table structure for table `SummaryDocument`
--

DROP TABLE IF EXISTS `SummaryDocument`;
/*!40101 SET @saved_cs_client     = @@character_set_client */;
/*!50503 SET character_set_client = utf8mb4 */;
CREATE TABLE `SummaryDocument` (
  `summaryId` int NOT NULL,
  `documentId` int NOT NULL,
  PRIMARY KEY (`summaryId`,`documentId`),
  KEY `SummaryDocument_documentId_fkey` (`documentId`),
  CONSTRAINT `SummaryDocument_documentId_fkey` FOREIGN KEY (`documentId`) REFERENCES `Document` (`id`) ON DELETE RESTRICT ON UPDATE CASCADE,
  CONSTRAINT `SummaryDocument_summaryId_fkey` FOREIGN KEY (`summaryId`) REFERENCES `Summary` (`id`) ON DELETE RESTRICT ON UPDATE CASCADE
) ENGINE=InnoDB DEFAULT CHARSET=utf8mb4 COLLATE=utf8mb4_unicode_ci;
/*!40101 SET character_set_client = @saved_cs_client */;

--
-- Dumping data for table `SummaryDocument`
--

LOCK TABLES `SummaryDocument` WRITE;
/*!40000 ALTER TABLE `SummaryDocument` DISABLE KEYS */;
INSERT INTO `SummaryDocument` VALUES (2,3),(5,3),(1,4),(6,4),(3,7),(4,21),(7,25),(8,26),(9,27),(11,29),(12,30),(15,32),(16,33),(17,35),(18,36),(19,38);
/*!40000 ALTER TABLE `SummaryDocument` ENABLE KEYS */;
UNLOCK TABLES;

--
-- Table structure for table `SummaryHighlight`
--

DROP TABLE IF EXISTS `SummaryHighlight`;
/*!40101 SET @saved_cs_client     = @@character_set_client */;
/*!50503 SET character_set_client = utf8mb4 */;
CREATE TABLE `SummaryHighlight` (
  `id` int NOT NULL AUTO_INCREMENT,
  `userId` int NOT NULL,
  `summaryId` int NOT NULL,
  `quote` varchar(2000) COLLATE utf8mb4_unicode_ci NOT NULL,
  `createdAt` datetime(3) NOT NULL DEFAULT CURRENT_TIMESTAMP(3),
  `color` varchar(16) COLLATE utf8mb4_unicode_ci NOT NULL DEFAULT '#fef08a',
  `context` varchar(16) COLLATE utf8mb4_unicode_ci NOT NULL DEFAULT 'summary',
  `messageId` int DEFAULT NULL,
  PRIMARY KEY (`id`),
  KEY `SummaryHighlight_summaryId_idx` (`summaryId`),
  KEY `SummaryHighlight_userId_fkey` (`userId`),
  KEY `SummaryHighlight_messageId_idx` (`messageId`),
  CONSTRAINT `SummaryHighlight_messageId_fkey` FOREIGN KEY (`messageId`) REFERENCES `ChatMessage` (`id`) ON DELETE CASCADE ON UPDATE CASCADE,
  CONSTRAINT `SummaryHighlight_summaryId_fkey` FOREIGN KEY (`summaryId`) REFERENCES `Summary` (`id`) ON DELETE CASCADE ON UPDATE CASCADE,
  CONSTRAINT `SummaryHighlight_userId_fkey` FOREIGN KEY (`userId`) REFERENCES `User` (`id`) ON DELETE CASCADE ON UPDATE CASCADE
) ENGINE=InnoDB AUTO_INCREMENT=24 DEFAULT CHARSET=utf8mb4 COLLATE=utf8mb4_unicode_ci;
/*!40101 SET character_set_client = @saved_cs_client */;

--
-- Dumping data for table `SummaryHighlight`
--

LOCK TABLES `SummaryHighlight` WRITE;
/*!40000 ALTER TABLE `SummaryHighlight` DISABLE KEYS */;
INSERT INTO `SummaryHighlight` VALUES (3,4,2,'learning unit focuses on the critical aspects of funding and financing for new entrepreneurial ventures','2026-03-28 08:40:44.607','#fef08a','summary',NULL),(5,4,2,'Identifying factors co','2026-03-28 08:49:51.455','#93c5fd','summary',NULL),(6,4,2,'Generally newly-created organizations in development and research phases','2026-03-28 14:55:20.766','#f0abfc','summary',NULL),(10,4,5,'comprehensive exploration into the','2026-04-08 00:09:33.161','#fef08a','summary',NULL),(11,4,9,'powerful AI-driven slide generation','2026-05-02 08:25:34.655','#fdba74','summary',NULL),(12,4,9,'nd creativity in presentation desi','2026-05-15 13:21:47.182','#fef08a','summary',NULL),(13,4,15,'Key roles in security governance include the Board of Directors, C-level officers like the CIO/CISO, a Security Governance Committee, and internal audit teams. Frameworks: International f','2026-05-20 07:24:10.874','#fef08a','summary',NULL),(17,4,16,'tem being tested are known to the tester. This transparency is symbolized by the \"white\" in white-box, as opposed to a \"black-box\" approach where only inputs and outputs are visible, without insight into the internal working','2026-06-02 08:18:58.144','#86efac','chat',43),(18,4,16,'stem by focusing on its code and control flow, examining its functions, conditions, and paths to ensure that they are working as intended. It demands a good understanding of the source code to identify specific paths and areas th','2026-06-02 08:19:00.394','#f0abfc','chat',43),(19,4,6,'-term (a year or less), medium-term (1-5 years), or long-term (more than 5 yea','2026-06-03 06:46:18.953','#fef08a','summary',NULL),(20,4,7,'Security Requirements: Identify and document potential security requirements that align with the business objectives and regulatory needs. This includes understanding what security features the software needs and establishing criteria for secure develo','2026-06-04 11:23:23.148','#86efac','chat',51),(21,4,16,'chniques can instructors use to engage students in white-box technique discussions?','2026-06-05 14:14:55.314','#fef08a','chat',38),(22,4,16,'e, we delve into white-box testing, a testing methodology that involves evaluating a system based on its internal structures or workings. This approach, also known as structure-based testing, contrasts with black-box testing where the internal imp','2026-06-06 12:31:05.038','#fef08a','summary',NULL),(23,14,18,'Legacy Information Systems (LIS) are defined not merely by their age, but by their critical role in an organization combined with their resistance to change. As described in the lectur','2026-06-06 17:18:16.159','#fef08a','summary',NULL);
/*!40000 ALTER TABLE `SummaryHighlight` ENABLE KEYS */;
UNLOCK TABLES;

--
-- Table structure for table `SummaryReference`
--

DROP TABLE IF EXISTS `SummaryReference`;
/*!40101 SET @saved_cs_client     = @@character_set_client */;
/*!50503 SET character_set_client = utf8mb4 */;
CREATE TABLE `SummaryReference` (
  `id` int NOT NULL AUTO_INCREMENT,
  `summaryId` int NOT NULL,
  `marker` int NOT NULL,
  `kind` varchar(16) COLLATE utf8mb4_unicode_ci NOT NULL,
  `title` varchar(512) COLLATE utf8mb4_unicode_ci NOT NULL,
  `authors` varchar(512) COLLATE utf8mb4_unicode_ci DEFAULT NULL,
  `year` int DEFAULT NULL,
  `venue` varchar(256) COLLATE utf8mb4_unicode_ci DEFAULT NULL,
  `doi` varchar(128) COLLATE utf8mb4_unicode_ci DEFAULT NULL,
  `url` varchar(2048) COLLATE utf8mb4_unicode_ci DEFAULT NULL,
  `abstract` text COLLATE utf8mb4_unicode_ci,
  `provider` varchar(32) COLLATE utf8mb4_unicode_ci DEFAULT NULL,
  `externalId` varchar(128) COLLATE utf8mb4_unicode_ci DEFAULT NULL,
  `anchorIds` json DEFAULT NULL,
  `createdAt` datetime(3) NOT NULL DEFAULT CURRENT_TIMESTAMP(3),
  PRIMARY KEY (`id`),
  UNIQUE KEY `SummaryReference_summaryId_marker_key` (`summaryId`,`marker`),
  KEY `SummaryReference_summaryId_idx` (`summaryId`),
  CONSTRAINT `SummaryReference_summaryId_fkey` FOREIGN KEY (`summaryId`) REFERENCES `Summary` (`id`) ON DELETE CASCADE ON UPDATE CASCADE
) ENGINE=InnoDB AUTO_INCREMENT=13 DEFAULT CHARSET=utf8mb4 COLLATE=utf8mb4_unicode_ci;
/*!40101 SET character_set_client = @saved_cs_client */;

--
-- Dumping data for table `SummaryReference`
--

LOCK TABLES `SummaryReference` WRITE;
/*!40000 ALTER TABLE `SummaryReference` DISABLE KEYS */;
INSERT INTO `SummaryReference` VALUES (1,16,1,'upload','Chapter 5-White-Box.pdf',NULL,NULL,NULL,NULL,NULL,NULL,NULL,'33','[\"para-0\", \"para-1\", \"para-3\", \"para-4\", \"para-6\", \"para-7\", \"para-8\", \"para-9\", \"para-10\", \"para-12\", \"para-13\"]','2026-05-15 16:10:27.295'),(2,16,2,'paper','Introduction to Software Testing','Ralf Bierig, Stephen Brown, Edgar Galván, Joe Timoney',2021,'Cambridge University Press eBooks','10.1017/9781108974073.004','https://doi.org/10.1017/9781108974073.004','Software testing can be regarded as an art, a craft, and a science. The practical, step-by-step approach presented in this book provides a bridge between these different viewpoints. A single worked example runs throughout, with consistent use of test automation. Each testing technique is introduced in the context of this example, helping students see its strengths and weaknesses. The technique is then explained in more detail, providing a deeper understanding of underlying principles. Finally th','openalex','W1486172410','null','2026-05-15 16:10:27.295'),(3,16,3,'paper','Black Box and White Box Testing Techniques - A Literature Review','Srinivas Nidhra',2012,'International Journal of Embedded Systems and Applications','10.5121/ijesa.2012.2204','https://doi.org/10.5121/ijesa.2012.2204','There are several methods for automatic test case generation has been proposed in the past. But most of these techniques are structural testing techniques that require the understanding of the internal working of the program. There is less practical coverage of all testing techniques together. In this paper we conducted a literature study on all testing techniques together that are related to both Black and White box testing techniques, moreover we assume a case situation of Insurance premium ca','openalex','W2334860424','[\"para-1\", \"para-3\", \"para-9\", \"para-12\"]','2026-05-15 16:10:27.295'),(4,16,4,'paper','Test input generation with java PathFinder','Willem Visser, Corina S. Păsăreanu, Sarfraz Khurshid',2004,NULL,'10.1145/1007512.1007526','https://doi.org/10.1145/1007512.1007526','We show how model checking and symbolic execution can be used to generate test inputs to achieve structural coverage of code that manipulates complex data structures. We focus on obtaining branch-coverage during unit testing of some of the core methods of the red-black tree implementation in the Java TreeMap library, using the Java PathFinder model checker. Three different test generation techniques will be introduced and compared, namely, straight model checking of the code, model checking used','openalex','W2171683519','null','2026-05-15 16:10:27.295'),(5,16,5,'paper','R: A Language and Environment for Statistical Computing','R Core Team',2000,NULL,'10.32614/r.manuals','https://doi.org/10.32614/r.manuals','Most R novices will start with Appendix A [A sample session], page 80.This should give some familiarity with the style of R sessions and more importantly some instant feedback on what actually happens.Many users will come to R mainly for its graphical facilities.','openalex','W2582743722','null','2026-05-15 16:10:27.295'),(6,16,6,'paper','PRISMA Extension for Scoping Reviews (PRISMA-ScR): Checklist and Explanation','Andrea C. Tricco, Erin Lillie, Wasifa Zarin, Kelly K. O’Brien, Heather Colquhoun',2018,'Annals of Internal Medicine','10.7326/m18-0850','https://doi.org/10.7326/m18-0850','Scoping reviews, a type of knowledge synthesis, follow a systematic approach to map evidence on a topic and identify main concepts, theories, sources, and knowledge gaps. Although more scoping reviews are being done, their methodological and reporting quality need improvement. This document presents the PRISMA-ScR (Preferred Reporting Items for Systematic reviews and Meta-Analyses extension for Scoping Reviews) checklist and explanation. The checklist was developed by a 24-member expert panel an','openalex','W2891378911','null','2026-05-15 16:10:27.295'),(7,16,7,'paper','Media spectacle and the crisis of democracy: terrorism, war, and election battles','Smith',2005,'Choice Reviews Online','10.5860/choice.43-0621','https://doi.org/10.5860/choice.43-0621','Introduction: Media Spectacle and Politics in the Contemporary Era Chapter 1: Grand Theft 2000: Media Spectacle and a Stolen Election Chapter 2: 9/11, Spectacles of Terror, and Perpetual War Chapter 3: The Axis of Evil, Preemptive Strikes, and the Road to Iraq Chapter 4: Pandora\'s Box: Bush\'s War on Iraq Chapter 5: Media Spectacle and Election 2004 Chapter 6: Decision 2004: The War for the White House Conclusion: The Media, Elections, and the Crisis of Democracy','openalex','W639703221','null','2026-05-15 16:10:27.295'),(9,16,9,'paper','SARS-CoV-2 mRNA vaccine design enabled by prototype pathogen preparedness','Kizzmekia S. Corbett, Darin K. Edwards, Sarah R. Leist, Olubukola M. Abiona, Seyhan Boyoglu-Barnum',2020,'Nature','10.1038/s41586-020-2622-0','https://doi.org/10.1038/s41586-020-2622-0',NULL,'openalex','W3047091198','null','2026-05-15 16:10:27.295'),(10,18,3,'paper','Updating legacy databases through wrappers: data consistency management','Philippe Thiran, G.J.P.M. Houben, Jean-Luc Hainaut, Djamal Benslimane',2005,NULL,'10.1109/wcre.2004.41','https://doi.org/10.1109/wcre.2004.41','Wrapping databases allows them to be reused in earlier unforeseen contexts, such as Web-based applications or federated systems. Data wrappers, and more specifically updating wrappers (that not only access legacy data but also update them), can provide external clients of an existing (legacy) database with a neutral interface and augmented capabilities. For instance, a collection of COBOL files can be wrapped in order to allow external application programs to access them through a relational, ob','openalex','W2153051055','[\"cite-3-0\"]','2026-06-03 08:18:54.335'),(11,18,5,'paper','Database Wrappers Development: Towards Automatic Generation','Philippe Thiran, Jean-Luc Hainaut, Geert‐Jan Houben',2005,NULL,'10.1109/csmr.2005.22','https://doi.org/10.1109/csmr.2005.22','Wrapping databases allows them to be reused in formerly unplanned contexts, such as web-based applications or federated systems. Indeed, a wrapper can provide external clients of an existing (legacy) database with a neutral interface and augmented capabilities. However, except in simplistic cases where the wrapper and the database schemas are similar, the wrapper must implement complex mappings: it must translate queries from the wrapper data manipulation language to the database primitives, and','openalex','W2141950871','[\"cite-5-0\"]','2026-06-03 08:18:54.335'),(12,18,9,'paper','Inverse Wrappers for Legacy Information Systems Migrat ion','J. Henrard, Anthony Cleve, Jean-Luc Hainaut',2004,NULL,NULL,'https://www.semanticscholar.org/paper/31b8830ffbb401b32eb3facdf1ba12387ad584bd',NULL,'semantic_scholar','31b8830ffbb401b32eb3facdf1ba12387ad584bd','[\"cite-9-0\"]','2026-06-03 08:18:54.335');
/*!40000 ALTER TABLE `SummaryReference` ENABLE KEYS */;
UNLOCK TABLES;

--
-- Table structure for table `User`
--

DROP TABLE IF EXISTS `User`;
/*!40101 SET @saved_cs_client     = @@character_set_client */;
/*!50503 SET character_set_client = utf8mb4 */;
CREATE TABLE `User` (
  `id` int NOT NULL AUTO_INCREMENT,
  `email` varchar(191) COLLATE utf8mb4_unicode_ci NOT NULL,
  `username` varchar(191) COLLATE utf8mb4_unicode_ci NOT NULL,
  `passwordHash` varchar(191) COLLATE utf8mb4_unicode_ci NOT NULL,
  `role` enum('Student','Lecturer','Rather not say') COLLATE utf8mb4_unicode_ci NOT NULL DEFAULT 'Student',
  `createdAt` datetime(3) NOT NULL DEFAULT CURRENT_TIMESTAMP(3),
  PRIMARY KEY (`id`),
  UNIQUE KEY `User_email_key` (`email`),
  UNIQUE KEY `User_username_key` (`username`)
) ENGINE=InnoDB AUTO_INCREMENT=16 DEFAULT CHARSET=utf8mb4 COLLATE=utf8mb4_unicode_ci;
/*!40101 SET character_set_client = @saved_cs_client */;

--
-- Dumping data for table `User`
--

LOCK TABLES `User` WRITE;
/*!40000 ALTER TABLE `User` DISABLE KEYS */;
INSERT INTO `User` VALUES (1,'test123@gmail.com','TJBond','$2b$12$QGn.2226JSOXgrDJ85ewOeUCFM5l750JpqWSXtsloG8DULyuXi77S','Lecturer','2026-02-26 14:29:55.267'),(4,'wapianwei@gmail.com','james123','$2b$12$nSpugvVNnLm0npqyad1qtuBbiLRjTchxicXZQDOkEWxQNUw0z2s22','Student','2026-03-06 08:17:21.534'),(5,'example@gmail.com','aliabu','$2b$12$n8o6TpjUJV1q9pHs0v6kvuPsSQAJTylA9Fj/00bzoJ3tK47l9141W','Student','2026-03-12 11:24:24.664'),(6,'jediwzk@gmail.com','jediwong','google-oauth','Student','2026-03-16 08:11:22.022'),(7,'hueyloi915@gmail.com','hueylui','$2b$12$III/GCIucVOStcxko4ECSu037PR7vQV5haKvEYlPYAepWnXJRma2.','Student','2026-04-29 05:47:44.550'),(9,'test@123','popo123','$2b$12$M7QTYQfCVCu/qWXFI7sPtuQVwHqDCEOpmRE25S3CvJL/8dc/qR4pW','Student','2026-05-01 03:04:01.149'),(10,'theguy@gmail.com','weww','$2b$12$XlPo2LMVYAkDPpqsRX82COdaMV8w/iG7U/WcSJOQIWC.AFR6KMXWC','Student','2026-05-01 03:15:25.835'),(11,'abc@gmail.com','abc123','$2b$12$.4.qj3JuLYmz1FfP9dXMXOF19WCm/PDXrA.bWW.PmBTo.nn050uhm','Student','2026-05-05 14:27:01.006'),(12,'ntingdabest0628@gmail.com','fragger007','$2b$12$VGfirjohNJCvOA2DQKYxROhPD2dLaM0KqTlUDg.yTqZbmsxkutF3O','Rather not say','2026-05-08 05:30:20.551'),(13,'chongkingston391@gmail.com','supa123','$2b$12$BcpdRofT2cJhdNlJ2uJp7uvl7vyS2VEDbhihRR7TdKCPi7meW8mdu','Student','2026-05-14 13:01:13.812'),(14,'thehaloringer@proton.me','TheHaloRing','$2b$12$eMBYaWDRlzxaEE7hPKK3hufP0vWmQb5eWaT3GRwEA4enakUiMedw2','Lecturer','2026-06-03 08:17:52.686'),(15,'def@gmail.com','defghi','$2b$12$HYna4JHWpC5FKYjKxwlryuUxQNqwObpGupjpklJIPRtB6JnhTetj6','Student','2026-06-05 15:00:03.988');
/*!40000 ALTER TABLE `User` ENABLE KEYS */;
UNLOCK TABLES;

--
-- Table structure for table `_prisma_migrations`
--

DROP TABLE IF EXISTS `_prisma_migrations`;
/*!40101 SET @saved_cs_client     = @@character_set_client */;
/*!50503 SET character_set_client = utf8mb4 */;
CREATE TABLE `_prisma_migrations` (
  `id` varchar(36) COLLATE utf8mb4_unicode_ci NOT NULL,
  `checksum` varchar(64) COLLATE utf8mb4_unicode_ci NOT NULL,
  `finished_at` datetime(3) DEFAULT NULL,
  `migration_name` varchar(255) COLLATE utf8mb4_unicode_ci NOT NULL,
  `logs` text COLLATE utf8mb4_unicode_ci,
  `rolled_back_at` datetime(3) DEFAULT NULL,
  `started_at` datetime(3) NOT NULL DEFAULT CURRENT_TIMESTAMP(3),
  `applied_steps_count` int unsigned NOT NULL DEFAULT '0',
  PRIMARY KEY (`id`)
) ENGINE=InnoDB DEFAULT CHARSET=utf8mb4 COLLATE=utf8mb4_unicode_ci;
/*!40101 SET character_set_client = @saved_cs_client */;

--
-- Dumping data for table `_prisma_migrations`
--

LOCK TABLES `_prisma_migrations` WRITE;
/*!40000 ALTER TABLE `_prisma_migrations` DISABLE KEYS */;
INSERT INTO `_prisma_migrations` VALUES ('1dc89c53-16f7-4676-8889-8f4a1099c2b2','d26e83d9a23a136d6039215f76e1f19c16c545f4c800b9ba27634c58eff8f6fc',NULL,'20260315120000_baseline_core_tables','A migration failed to apply. New migrations cannot be applied before the error is recovered from. Read more about how to resolve migration issues in a production database: https://pris.ly/d/migrate-resolve\n\nMigration name: 20260315120000_baseline_core_tables\n\nDatabase error code: 1050\n\nDatabase error:\nTable \'Document\' already exists\n\nPlease check the query number 1 from the migration file.\n\n   0: sql_schema_connector::apply_migration::apply_script\n           with migration_name=\"20260315120000_baseline_core_tables\"\n             at schema-engine\\connectors\\sql-schema-connector\\src\\apply_migration.rs:113\n   1: schema_commands::commands::apply_migrations::Applying migration\n           with migration_name=\"20260315120000_baseline_core_tables\"\n             at schema-engine\\commands\\src\\commands\\apply_migrations.rs:95\n   2: schema_core::state::ApplyMigrations\n             at schema-engine\\core\\src\\state.rs:260','2026-05-17 09:37:52.564','2026-05-17 09:37:22.236',0),('2acbdc61-901b-42a4-a4a2-2c831251c4ed','07d5148f773a2d9be252a3baf417ee7e94c08c8e473948368d58682f054ca2e3','2026-05-17 09:37:53.022','20260315120000_baseline_core_tables','',NULL,'2026-05-17 09:37:53.022',0),('33d5c755-1ad0-4039-ad9c-03fa1c9cf05b','6c34f7d3f08bf3ba47e389cb2e140e8de105bee2b611b23bd59f8b3854794e3f','2026-06-02 07:14:59.715','20260522130000_flashcard_study_status','',NULL,'2026-06-02 07:14:59.715',0),('393675bf-729b-4546-b92a-87080b078f48','a10a2f0ad764ce7238da9b52d0ec6fa34ee68ef0b8bc06b79e02530800debf48','2026-05-16 16:28:45.065','20260516120000_quiz_set_publish_share',NULL,NULL,'2026-05-16 16:28:43.573',1),('4a438772-7c32-4cb6-a480-7d1e34b387a2','ecdc9f4781e330623062acc5b5ec22ae08157a87672744108adc8283d89476ac','2026-06-02 07:15:09.520','20260602120000_summary_highlight_context',NULL,NULL,'2026-06-02 07:15:07.892',1),('4edee3ab-203f-4c0b-a0b4-6c957cdae7b9','6e285fd56a0376d07bd8007ea0788d11037b78e3f4965c14da54779d243f1bb2','2026-06-03 08:23:57.988','20260604120000_summary_published_year_filter',NULL,NULL,'2026-06-03 08:23:56.734',1),('6e73e1ac-451e-48fa-bb56-807b0b353511','91811f3cdad41becfec9aedb2f5b3a74b645d79c2576e9e38a3c5ea0db955100','2026-05-17 05:47:08.719','20260518120000_quiz_set_accepting_responses',NULL,NULL,'2026-05-17 05:47:06.755',1),('899bcade-db19-418d-bb81-102dba4ead59','e5f9ccdea7f0265c684f807dc4d8ea500c6559a56d84386b9aeddc7d584cacec','2026-06-05 13:37:31.953','20260605120000_document_source_url',NULL,NULL,'2026-06-05 13:37:31.100',1),('90170a05-d730-49ab-be60-ee474d85422d','6c34f7d3f08bf3ba47e389cb2e140e8de105bee2b611b23bd59f8b3854794e3f',NULL,'20260522130000_flashcard_study_status','A migration failed to apply. New migrations cannot be applied before the error is recovered from. Read more about how to resolve migration issues in a production database: https://pris.ly/d/migrate-resolve\n\nMigration name: 20260522130000_flashcard_study_status\n\nDatabase error code: 1060\n\nDatabase error:\nDuplicate column name \'studyStatus\'\n\nPlease check the query number 1 from the migration file.\n\n   0: sql_schema_connector::apply_migration::apply_script\n           with migration_name=\"20260522130000_flashcard_study_status\"\n             at schema-engine\\connectors\\sql-schema-connector\\src\\apply_migration.rs:113\n   1: schema_commands::commands::apply_migrations::Applying migration\n           with migration_name=\"20260522130000_flashcard_study_status\"\n             at schema-engine\\commands\\src\\commands\\apply_migrations.rs:95\n   2: schema_core::state::ApplyMigrations\n             at schema-engine\\core\\src\\state.rs:260','2026-06-02 07:14:59.278','2026-06-02 07:13:58.375',0),('93022a35-a295-4733-aff4-3c90c1e4cd27','921d89780834bbcaf011b9930a07cbaa0bcc69e3ecd300822c2aca50f57b04dd','2026-05-17 09:38:01.234','20260517130000_quiz_respondent_closes_at',NULL,NULL,'2026-05-17 09:37:59.994',1),('94771394-01eb-4ea9-b38c-7248a9a92360','b13f02932910e975b66a1a6cec03bfdeca889ac8a742901bd3ab4e8cd84a6e8f','2026-06-02 07:13:48.550','20260522120000_add_flashcard_models','',NULL,'2026-06-02 07:13:48.550',0),('955c0fb4-0f1a-42e0-bb97-6e83cbea6097','b13f02932910e975b66a1a6cec03bfdeca889ac8a742901bd3ab4e8cd84a6e8f',NULL,'20260522120000_add_flashcard_models','A migration failed to apply. New migrations cannot be applied before the error is recovered from. Read more about how to resolve migration issues in a production database: https://pris.ly/d/migrate-resolve\n\nMigration name: 20260522120000_add_flashcard_models\n\nDatabase error code: 1050\n\nDatabase error:\nTable \'FlashcardSet\' already exists\n\nPlease check the query number 1 from the migration file.\n\n   0: sql_schema_connector::apply_migration::apply_script\n           with migration_name=\"20260522120000_add_flashcard_models\"\n             at schema-engine\\connectors\\sql-schema-connector\\src\\apply_migration.rs:113\n   1: schema_commands::commands::apply_migrations::Applying migration\n           with migration_name=\"20260522120000_add_flashcard_models\"\n             at schema-engine\\commands\\src\\commands\\apply_migrations.rs:95\n   2: schema_core::state::ApplyMigrations\n             at schema-engine\\core\\src\\state.rs:260','2026-06-02 07:13:48.096','2026-06-02 07:07:56.609',0),('a9c473ea-80e0-4069-a55e-6a93c47b8d8e','9e6dcb1400169dce8a9849ddc9be9479300f5a025ae6f4b668bf8c0bdb3602bb','2026-05-14 13:53:07.683','20260514140000_quiz_set_summary_required',NULL,NULL,'2026-05-14 13:53:06.557',1),('b066312a-f902-4f8c-9357-f6309eea41f8','09f7575ce91806f4d6c711259495cd7ada9e6ab0d59d3079259af3c5728e6d5e','2026-05-14 13:53:05.254','20260509222000_user_role_enum',NULL,NULL,'2026-05-14 13:53:03.220',1),('b638ec8e-5f93-4aa3-991b-ef4d139b6319','7acd0f4dbb5a7760d75fb0201621b9972fc09f77b739fe37448968a1a2a1524a','2026-04-12 09:05:36.232','20260226142821_add_password_reset','',NULL,'2026-04-12 09:05:36.232',0),('b906a1e9-161a-4cc9-af65-a78cdbe65707','2bda9d72e2835f628fec84ed5d1c3a261b4ed99f340cc4c29c90bc48967d171d','2026-04-12 09:05:51.786','20260411120000_add_slide_deck',NULL,NULL,'2026-04-12 09:05:50.545',1),('bb03df39-491a-4020-97a9-5aac1b38b880','94a111cfb014534ad416d4345ab4d8e8045abab840eecd9e8dd8685dcd52bf29','2026-05-16 16:49:36.540','20260517120000_slide_deck_pdf_url',NULL,NULL,'2026-05-16 16:49:35.192',1),('c1d05149-129f-4f26-aa49-13f2b90c829b','ff8936188805897d1d19bf66aaf9d1323ead4156a86fcbea530e003eaef16bce','2026-04-13 02:47:39.815','20260420120000_add_quiz_attempt',NULL,NULL,'2026-04-13 02:47:37.617',1),('c5e1df6f-de53-48ef-ba69-6104721d5ddd','ddaf1816456481f2a2eb2718d553de538fd5c51c6fd481f8084ebf29bb582a43','2026-06-04 07:15:31.766','20260604120000_quiz_attempt_optional_user',NULL,NULL,'2026-06-04 07:15:30.638',1),('c7f62537-ac6d-4b48-83b2-7f2ade505896','8a90c17c756d0091dfcbd367154a4484a6bbc59b8fef87b466d898d4eebf4c6d','2026-06-03 02:15:41.795','20260603130000_summary_pinned',NULL,NULL,'2026-06-03 02:15:40.853',1),('dd6babb1-eb66-4f7a-b788-a6c4720728e4','e7404a4f5df754c31eab37bcb2c9b771da4e59904bddf820edf1987b268dcb28','2026-05-17 08:13:34.957','20260518140000_slide_deck_provider',NULL,NULL,'2026-05-17 08:13:32.916',1),('df59cb1d-e051-4bd5-88d7-547b344588c7','4a9e610835770a4cdde077f90309494ec2bb29eba6eaa8cfae413a57b6074296','2026-06-06 15:47:39.342','20260606120000_quiz_question_hint',NULL,NULL,'2026-06-06 15:47:38.307',1),('eef1bd39-b869-44ba-b7f8-6f6a558a1c3c','732304c0faec431af5fbc645c9547f6d85cc798d5c1db3ab32fa50c1387006ac','2026-06-03 01:18:42.118','20260603120000_chat_share',NULL,NULL,'2026-06-03 01:18:40.667',1);
/*!40000 ALTER TABLE `_prisma_migrations` ENABLE KEYS */;
UNLOCK TABLES;
/*!40103 SET TIME_ZONE=@OLD_TIME_ZONE */;

/*!40101 SET SQL_MODE=@OLD_SQL_MODE */;
/*!40014 SET FOREIGN_KEY_CHECKS=@OLD_FOREIGN_KEY_CHECKS */;
/*!40014 SET UNIQUE_CHECKS=@OLD_UNIQUE_CHECKS */;
/*!40101 SET CHARACTER_SET_CLIENT=@OLD_CHARACTER_SET_CLIENT */;
/*!40101 SET CHARACTER_SET_RESULTS=@OLD_CHARACTER_SET_RESULTS */;
/*!40101 SET COLLATION_CONNECTION=@OLD_COLLATION_CONNECTION */;
/*!40111 SET SQL_NOTES=@OLD_SQL_NOTES */;

-- Dump completed on 2026-06-08  7:16:38
